Weighted Total [Total Pts: up to 0 Percentage] |1669869,Total [Total Pts: up to 526 Score] |1669868,Total [Total Pts: up to 526 Score] |1714579,Total [Total Pts: up to 526 Score] |1714580,Academic Integrity Quiz [Total Pts: 5 Score] |1714581,Syllabus Quiz [Total Pts: 5 Score] |1714582,Pre-Lab 1 [Total Pts: 5 Score] |1714583,Lab 1 [Total Pts: 20 Score] |1714584,Pre-Lab 2 [Total Pts: 5 Score] |1714585,Lab 2 [Total Pts: 20 Score] |1714586,Pre-Lab 3 [Total Pts: 5 Score] |1714587,Lab 3 [Total Pts: 20 Score] |1714588,Pre-Lab 4 [Total Pts: 5 Score] |1714589,Lab 4 [Total Pts: 20 Score] |1714590,Pre-Lab 5 [Total Pts: 5 Score] |1714591,Lab 5 [Total Pts: 20 Score] |1714592,Pre-Lab 6 [Total Pts: 5 Score] |1714593,Lab 6 [Total Pts: 20 Score] |1714594,Lab 7 (Lab and Pre-Lab) [Total Pts: 25 Score] |1768501,Lab 8 (Lab and Pre-Lab) [Total Pts: 25 Score] |1786205,Lab 9 (Lab and Pre-lab) [Total Pts: 25 Score] |1786215,Lab 10 (Lab and Pre-lab) [Total Pts: 25 Score] |1786216,Lab 11 (Lab and Pre-Lab) [Total Pts: 25 Score] |1786220,Exam 1 [Total Pts: 40 Score] |1714603,Exam 2 [Total Pts: 40 Score] |1714604,Final Exam_SP2020 [Total Pts: 50 Score] |1803762,Documentary Review Extra Credit [Total Pts: 0 Score] |1714605,Misc. Extra Credit [Total Pts: 0 Score] |1714606,End of the semester survey [Total Pts: 0 Complete/Incomplete] |1799624,Resources Survey [Total Pts: 0 Complete/Incomplete] |1768127,ANTH 105 Midterm Instruction Assessment [Total Pts: 0 Complete/Incomplete] |1714607,Midterm Grade Percentage Column [Total Pts: up to 156 Percentage] |1714608,Midterm Letter Grade [Total Pts: 0 Text] |1714609,Lincoln Park Zoo Assignment [Total Pts: 30 Score] |1714610,Submit Field Museum assignment here [Total Pts: 45 Score] |1789066,Final Percentage [Total Pts: 480 Percentage] |1714612,Final Letter Grade [Total Pts: 100 Text] |1714613,Date Last Attendance [Total Pts: 0 Text] |1714614,Sli.do total [Total Pts: 15 Text] |1714618,Inquizitive extra credit total [Total Pts: 0 Text] |1714619,InQuizitive: Chapter 1. What Is Biological Anthropology? [Total Pts: 0 Score] |1743501,InQuizitive: Chapter 2. Evolution: Constructing a Fundamental Scientific Theory [Total Pts: 0 Score] |1743502,InQuizitive: Chapter 3. Genetics: Reproducing Life and Producing Variation [Total Pts: 0 Score] |1743503,InQuizitive: Chapter 4. Genes and Their Evolution: Population Genetics [Total Pts: 0 Score] |1743504,InQuizitive: Chapter 5. Biology in the Present: Living People [Total Pts: 0 Score] |1743505,InQuizitive: Chapter 6. Biology in the Present: The Other Living Primates [Total Pts: 0 Score] |1743506,"InQuizitive: Chapter 7. Primate Sociality, Social Behavior, and Culture [Total Pts: 0 Score] |1743508",InQuizitive: Chapter 8. Fossils and Their Place in Time and Nature [Total Pts: 0 Score] |1743509,InQuizitive: Chapter 9. Primate Origins and Evolution: The First 50 Million Years [Total Pts: 0 Score] |1743510,InQuizitive: Chapter 10. Early Hominin Origins and Evolution: The Roots of Humanity [Total Pts: 0 Score] |1743511,InQuizitive: Chapter 11. The Origins and Evolution of Early <i>Homo</i> [Total Pts: 0 Score] |1743512,"InQuizitive: Chapter 12. The Origins, Evolution, and Dispersal of Modern People [Total Pts: 0 Score] |1743513","InQuizitive: Chapter 13. The Past 10,000 Years: Agriculture, Population, Biology [Total Pts: 0 Score] |1743514",Sli.do midterm total [Total Pts: 6 Text] |1767091,Discussion Question: Week 1 [Total Pts: 10 Score] |1861094,Total Assignment Percentage [Total Pts: up to 350 Percentage] |2292055,Total Exam Percentage [Total Pts: up to 130 Percentage] |2292056,Total Attendance Percentage [Total Pts: up to 15 Percentage] |2292058,Total Extra Credit [Total Pts: 0 Score] |2292061
,378.5,378.5,378.5,3.5,5,0.0,0.0,3.0,20.0,4.0,20.0,5.0,19.0,5.0,20.0,5.0,20.0,19.0,0,0.0,23,25.0,22.0,29.0,37.0,,2.0,Complete,Complete,In Progress,68.91025,D,30.0,43.0,77.60416,C,,15.0,,,,,,,,,,,,,,,6.0,,74.57141999999999,67.6923,100.0,2.0
,451.5,451.5,451.5,4.5,4.5,4.5,20.0,3.0,19.0,4.0,18.0,5.0,18.0,0.0,6.0,5.0,17.0,22.0,25,24.0,24,25.0,28.0,33.0,41.0,5.0,1.0,Complete,,Complete,88.14102,B,23.5,43.5,90.9375,A,,15.0,4.0,0.5,0.5,0.5,0.5,0.0,,0.5,,,0.5,0.5,0.0,0.5,6.0,,87.57141999999999,78.46153000000001,100.0,10.0
,504.5,504.5,504.5,5,5,5.0,20.0,5.0,19.0,5.0,20.0,4.5,20.0,4.0,17.0,4.5,20.0,25.0,25,25.0,23,25.0,37.0,39.0,47.0,,2.0,Complete,Complete,,102.88461,A,30.0,44.5,98.02083,A,,15.0,,0.0,,,,,,,,,,,,,15.0,,97.57141999999999,94.61538,100.0,2.0
,440.0,440.0,440.0,0,0,4.0,20.0,4.0,19.0,5.0,19.5,5.0,18.0,5.0,18.0,4.5,19.0,25.0,24.5,22.5,23,25.0,26.0,35.0,44.0,0.0,1.0,,Complete,Complete,79.80769000000001,C,26.0,44.0,89.0625,A,,,,,,,,,,,,,,,,,4.0,,94.57141999999999,80.76923000000001,0.0,1.0
,381.0,381.0,381.0,,5,5.0,20.0,5.0,20.0,5.0,19.5,0.0,0.0,0.0,0.0,4.5,20.0,23.0,25,24.0,25,25.0,23.0,30.0,36.0,5.0,0.0,,,,67.6282,D,0.0,45.0,78.64583,B,,12.0,0.5,,,,,,,,,,,,,0.5,3.0,,76.0,68.46153000000001,80.0,5.5
,441.5,441.5,441.5,4.5,4.5,4.5,19.0,4.0,20.0,5.0,19.0,5.0,19.0,5.0,18.5,0.0,0.0,23.0,25,22.5,19,25.0,26.0,31.0,48.0,,2.0,Complete,Complete,Complete,87.5,B,29.5,43.5,90.72916,A,,15.0,,,,,,,,,,,,,,,6.0,,87.57141999999999,80.76923000000001,100.0,2.0
,123.0,123.0,123.0,,In Progress,4.5,18.0,5.0,20.0,5.0,19.0,5.0,18.5,,,,,,,,,,25.0,,,,,,,Complete,78.84615,C,,,,,,,,,,,,,,,,,,,,,3.0,,27.14285,19.23076,0.0,0.0
,478.25,478.25,478.25,5,5,3.0,20.0,5.0,18.0,5.0,19.0,5.0,20.0,5.0,19.5,5.0,20.0,25.0,23.25,25.0,23.75,25.0,30.0,35.0,48.0,,2.0,Complete,Complete,Complete,90.38461,A,23.0,44.75,94.01041,A,,15.0,,,,,,,,,,,,,,,6.0,,95.5,86.92307,100.0,2.0
,371.5,371.5,371.5,4.5,5,5.0,18.0,4.0,20.0,5.0,19.0,5.0,20.0,5.0,20.0,4.5,18.5,25.0,25,,,,26.0,30.0,35.0,,,,,Complete,86.85897,B,28.0,45.0,79.27083,B,,,,,,,,,,,,,,,,,4.0,,76.28571,70.0,0.0,0.0
,436.0,436.0,436.0,5,5,4.0,19.0,5.0,16.0,4.0,17.5,5.0,17.0,5.0,16.0,5.0,17.0,23.5,24,24.0,24.5,24.5,29.0,33.0,38.0,,1.0,Needs Grading,,Complete,84.93589,B,27.0,42.0,88.54166,B,,,,,,,,,,,,,,,,,6.0,,91.42857,76.92307,0.0,1.0
,493.0,493.0,493.0,4.5,5,4.5,20.0,5.0,20.0,5.0,19.0,5.0,20.0,5.0,20.0,4.5,20.0,25.0,24.5,24.0,25,25.0,30.0,33.0,46.0,5.0,1.0,Complete,Complete,Complete,93.58974,A,27.0,45.0,96.14583,A,,15.0,2.5,0.5,0.5,0.5,0.5,0.5,,,,,,,,,6.0,,98.14285,83.84615,100.0,8.5
,443.5,443.5,443.5,4,4.5,0.0,0.0,3.0,20.0,5.0,20.0,5.0,18.5,5.0,20.0,5.0,20.0,25.0,25,24.0,23,25.0,25.0,32.0,47.0,,2.0,Complete,Complete,,68.58974,D,30.0,44.5,91.97916,A,,11.0,,,,,,,,,,,,,,,2.0,,90.85714,80.0,73.33333,2.0
,375.0,375.0,375.0,,,5.0,20.0,3.0,17.0,4.0,20.0,5.0,19.0,5.0,19.0,5.0,20.0,19.0,15,24.0,0,25.0,28.0,26.0,22.0,,,,,,77.5641,C,25.0,40.0,78.125,C,,9.0,,,,,,,,,,,,,,,0.0,,82.85714,58.46153,60.0,0.0
,321.0,321.0,321.0,4,4,5.0,16.0,2.0,13.0,0.0,0.0,3.5,20.0,4.0,19.0,4.0,18.0,22.5,16,,,23.0,27.0,27.0,23.0,,,,,,61.217940000000006,D,30.0,39.0,68.75,D,,,,,,,,,,,,,,,,,1.0,,67.14285,59.23076,0.0,0.0
,420.5,420.5,420.5,4.5,4.5,4.5,20.0,5.0,16.0,4.0,18.0,5.0,20.0,4.0,20.0,4.0,17.5,21.0,15,22.5,24.5,25.0,17.0,21.0,40.0,0.0,3.0,Complete,Complete,Complete,79.80769000000001,C,24.5,42.0,83.85416,B,,15.0,,,,,,,,,,,,,,,6.0,,89.28571,60.0,100.0,3.0
,454.5,454.5,454.5,5,5,4.5,19.0,4.0,18.5,4.0,18.5,5.0,20.0,5.0,20.0,4.5,20.0,25.0,24.5,25.0,22,25.0,35.0,34.0,41.0,0.0,2.0,Complete,Complete,Complete,91.98716999999999,A,20.0,45.0,92.39583,A,,,,,,,0.0,0.0,0.5,0.5,,,0.0,0.0,0.0,0.0,4.0,,94.14285,84.61538,0.0,2.0
,464.0,464.0,464.0,3.5,5,4.0,20.0,2.0,19.0,5.0,19.0,5.0,19.0,5.0,18.0,4.5,20.0,22.0,25,24.0,24,25.0,27.0,31.0,41.0,0.0,2.0,Complete,Complete,Complete,86.21794,B,30.0,45.0,91.45833,A,,15.0,0.0,,,,,,,,,,,,,,6.0,,95.85714,76.15384,100.0,2.0
,442.5,442.5,442.5,5,5,5.0,20.0,4.0,19.5,5.0,18.5,5.0,20.0,5.0,18.0,5.0,17.5,22.0,25,24.0,0,25.0,30.0,36.0,47.0,0.0,2.0,Complete,Complete,Complete,91.66666,A,30.0,45.0,94.47916,A,,,,,,,,,,,,,,,,,6.0,,89.57141999999999,86.92307,0.0,2.0
,376.5,376.5,376.5,4.5,5,5.0,20.0,5.0,17.0,5.0,19.0,5.0,20.0,5.0,20.0,4.5,,,19,25.0,,25.0,29.0,30.0,39.0,,,,,,90.0641,A,28.5,40.0,79.89583,B,,,,,,,,,,,,,,,,,6.0,,75.14285,75.38461,0.0,0.0
,447.5,447.5,447.5,3.5,4.5,5.0,20.0,5.0,17.0,4.5,20.0,4.5,19.5,4.0,20.0,5.0,18.5,23.5,25,24.0,23.5,25.0,29.0,25.0,40.0,0.0,0.0,,,,86.21794,B,24.0,44.5,88.22916,B,,11.0,,,,,,,,,,,,,,,2.0,,95.0,72.30769000000001,73.33333,0.0
,487.0,487.0,487.0,5,4.5,5.0,19.0,3.0,20.0,5.0,20.0,5.0,19.0,5.0,20.0,5.0,20.0,24.0,25,24.0,24,25.0,31.0,35.0,48.0,,,,,Complete,91.34615,A,30.0,44.5,95.41666,A,,15.0,,,,,,,,,,,,,,,6.0,,97.85714,87.6923,100.0,0.0
,386.0,386.0,386.0,4.5,5,4.0,17.0,4.0,17.0,5.0,18.0,5.0,20.0,5.0,20.0,5.0,20.0,23.5,,24.0,,,29.0,33.0,46.0,,2.0,Complete,Complete,Complete,86.21794,B,30.0,45.0,82.70833,B,,,,,,,,,,,,,,,,,6.0,,75.0,83.07692,0.0,2.0
,391.0,391.0,391.0,3.5,5,5.0,20.0,5.0,20.0,5.0,18.0,5.0,20.0,5.0,18.0,4.5,20.0,0.0,18.5,0.0,21.5,15.0,32.0,31.0,37.0,0.0,1.0,,Complete,,90.0641,A,29.0,40.0,81.25,B,,11.0,0.0,,,,,,,,,,,,,,2.0,,77.0,76.92307,73.33333,1.0
,411.0,411.0,411.0,5,4,3.5,17.0,5.0,18.0,5.0,18.5,5.0,17.5,3.0,17.0,3.5,19.0,22.0,17.5,23.0,20,25.0,24.0,23.0,39.0,,1.0,Complete,,Complete,82.6923,B,30.0,40.0,84.0625,B,,,,0.5,,,,,,,,,,,,,6.0,,88.42857,66.15384,0.0,1.0
,407.0,407.0,407.0,4.5,4.5,4.5,20.0,5.0,20.0,3.0,17.0,5.0,17.5,5.0,19.0,5.0,19.0,23.0,0,22.0,24,25.0,29.0,25.0,38.0,,,,,Complete,87.82051,B,22.0,43.0,86.66666,B,,,,0.5,,0.5,0.5,,,,0.5,,,,,,5.0,,85.42857,70.76923000000001,0.0,0.0
,243.5,243.5,243.5,,,5.0,18.0,0.0,0.0,4.0,19.0,4.5,18.0,0.0,0.0,4.5,19.0,20.5,,24.0,,,25.0,19.0,,,,,,,66.34615,D,0.0,43.0,48.64583,F,3/4/20,10.0,,,,,,,,,,,,,,,10.0,,51.285709999999995,33.84615,66.66666,0.0
,460.5,460.5,460.5,5,5,5.0,19.0,5.0,17.0,5.0,19.0,5.0,20.0,3.0,20.0,5.0,20.0,25.0,25,25.0,5,25.0,35.0,39.0,47.0,,2.0,Complete,Complete,Complete,93.91025,A,30.0,45.0,97.29166,A,,,,,,,,,,,0.5,,,,,,6.0,,92.28571,93.07692,0.0,2.0
,428.0,428.0,428.0,5,4,5.0,19.0,3.0,17.0,5.0,18.5,5.0,19.5,5.0,18.0,5.0,20.0,20.5,23.5,24.0,21.5,0.0,29.0,26.0,41.0,,2.0,Complete,Complete,Complete,87.17948,B,29.5,43.0,88.33333,B,,15.0,,,,,,,,,,,,,,,6.0,,86.28571,73.84615,100.0,2.0
,463.5,463.5,463.5,4.5,5,4.5,19.0,5.0,18.0,0.0,0.0,5.0,20.0,5.0,19.0,5.0,20.0,24.75,24.25,24.5,24,25.0,30.0,35.0,45.0,5.0,2.0,Complete,Complete,Complete,73.71794,C,30.0,44.0,96.14583,A,,13.0,5.0,,,,,,,,,,,,,,4.0,,90.57141999999999,84.61538,86.66666,12.0
,452.25,452.25,452.25,4.5,5,5.0,20.0,5.0,20.0,5.0,19.0,0.0,0.0,5.0,20.0,5.0,20.0,24.75,24.5,25.0,24.75,25.0,30.0,33.0,41.0,,1.0,,Complete,,75.32051,C,29.0,44.75,93.59375,A,,13.0,,,,,,,,,,,,,,,4.0,,91.92857,80.0,86.66666,1.0
,408.5,408.5,408.5,3.5,5,5.0,17.0,5.0,13.0,5.0,16.5,5.0,20.0,5.0,18.0,4.0,20.0,23.0,24,24.0,23,,25.0,27.0,46.0,,,,,,77.5641,C,29.5,44.0,86.97916,B,,,,,,,,,,,,,,,,,1.0,,86.0,75.38461,0.0,0.0
,442.0,442.0,442.0,4.5,5,4.0,20.0,4.0,15.0,5.0,18.5,0.0,20.0,5.0,20.0,5.0,17.5,22.0,23,24.0,24,25.0,27.0,33.0,45.0,0.0,1.0,,,Complete,82.6923,B,9.5,45.0,87.08333,B,,15.0,,,,,,,,,,,,,,,6.0,,87.57141999999999,80.76923000000001,100.0,1.0
,463.0,463.0,463.0,5,5,5.0,20.0,5.0,20.0,0.0,0.0,5.0,20.0,5.0,20.0,4.5,20.0,24.0,24,24.5,24,25.0,36.0,34.0,43.0,0.0,1.0,Complete,,Complete,80.76923000000001,B,30.0,45.0,95.83333,A,,14.0,0.0,,,,,,,,,,,,,,5.0,,91.71428,86.92307,93.33333,1.0
,438.0,438.0,438.0,4.5,5,5.0,19.5,4.0,19.5,5.0,19.5,5.0,19.0,5.0,18.0,5.0,19.0,24.0,19,24.0,21,25.0,21.0,27.0,45.0,0.0,0.0,,,Complete,85.25641,B,29.0,44.0,89.16666,A,,,,,,,,,,,,,,,,,6.0,,94.14285,71.53846,0.0,0.0
,214.75,214.75,214.75,5,5,4.5,19.0,5.0,16.0,5.0,15.5,5.0,19.5,0.0,6.5,5.0,19.0,4.0,,,,,24.0,26.0,,,,,,,79.80769000000001,C,29.75,,46.61458,F,4/5/20,,,,,,,,,,,,,,,,1.0,,43.92857,38.461529999999996,0.0,0.0
,435.5,435.5,435.5,3.5,5,4.5,20.0,3.0,16.5,4.5,18.0,4.5,16.5,4.0,20.0,4.0,17.5,18.0,21,22.5,19,25.0,30.0,32.0,44.0,0.0,2.0,,Complete,Complete,84.61538,B,19.5,42.0,86.14583,B,,15.0,,,,,,,,,,,,,,,6.0,,85.71428,81.53846,100.0,2.0
,415.5,415.5,415.5,In Progress,5,5.0,19.0,5.0,18.0,5.0,15.5,5.0,20.0,3.5,19.0,4.5,20.0,21.5,20.5,24.0,25,25.0,24.0,25.0,36.0,,1.0,,Complete,Complete,81.08974,B,22.0,43.0,84.375,B,,,,,,,,,,,,,,,,,5.0,,91.57141999999999,65.38461,0.0,1.0
,468.25,468.25,468.25,4,4.5,4.5,20.0,5.0,19.0,5.0,16.0,5.0,19.0,5.0,19.0,5.0,20.0,0.0,24,25.0,23.5,25.0,37.0,38.0,49.0,,,Complete,,,92.94870999999999,A,30.0,44.75,96.30208,A,,15.0,,,,,,,,,,,,,,,6.0,,89.92857,95.38461,100.0,0.0
,423.0,423.0,423.0,0,4.5,4.5,20.0,4.0,16.5,5.0,17.0,4.5,20.0,5.0,20.0,4.0,18.5,23.0,23,25.0,24,0.0,23.0,33.0,43.0,0.0,2.0,Complete,,Complete,78.20512,C,26.5,44.0,87.91666,B,,12.0,,,,,,,,,,,,,,,3.0,,87.0,76.15384,80.0,2.0
,423.0,423.0,423.0,4.5,4,4.0,19.0,5.0,18.0,5.0,16.0,5.0,20.0,3.0,16.5,4.5,20.0,24.5,25,25.0,23,25.0,22.0,21.0,33.0,3.0,2.0,Complete,Complete,Complete,82.6923,B,27.5,43.0,86.45833,B,,,,0.5,,,,,,,,,,,,,6.0,,94.0,58.46153,0.0,5.0
,347.5,347.5,347.5,5,5,4.5,19.5,5.0,19.5,5.0,20.0,5.0,20.0,5.0,20.0,5.0,20.0,23.0,21,0.0,0,0.0,37.0,31.0,42.0,0.0,1.0,,Complete,Complete,96.47435,A,30.0,0.0,74.47916,C,,,,,,,,,,,,,,,,,5.0,,63.571419999999996,84.61538,0.0,1.0
,492.25,492.25,492.25,5,5,4.0,19.0,5.0,20.0,5.0,18.0,5.0,19.5,5.0,19.5,5.0,19.5,25.0,24.5,25.0,25,25.0,32.0,39.0,47.0,,1.0,Complete,,Complete,91.98716999999999,A,30.0,44.25,96.71875,A,,15.0,,,,,,,,,,,,,,,6.0,,98.07141999999999,90.76923000000001,100.0,1.0
,391.5,391.5,391.5,5,5,5.0,19.0,3.0,20.0,5.0,19.0,5.0,20.0,5.0,20.0,4.0,18.5,25.0,23,20.0,,,27.0,31.0,33.0,,2.0,Complete,Complete,Complete,89.10256,B,28.0,45.0,79.6875,B,,,,,,,,,,,,,,,,,6.0,,81.28571,70.0,0.0,2.0
,460.5,460.5,460.5,5,5,0.0,0.0,5.0,20.0,5.0,18.0,5.0,20.0,5.0,20.0,5.0,19.0,25.0,24,24.0,25,25.0,35.0,36.0,43.0,,1.0,Complete,,Complete,77.5641,C,29.5,44.0,95.20833,A,,12.0,1.5,,,,,0.5,,,,,,0.5,,0.5,3.0,,91.0,87.6923,80.0,2.5
,335.5,335.5,335.5,5,5,5.0,20.0,4.0,19.0,5.0,20.0,,,5.0,20.0,4.0,20.0,20.0,,,,,30.0,35.0,46.0,,,,,,76.28205,C,22.0,44.5,76.97916,C,,,,,,,,,,,,,,,,,6.0,,59.571419999999996,85.38461,0.0,0.0
,447.5,447.5,447.5,5,5,4.5,19.0,5.0,19.5,3.0,18.0,4.0,18.5,4.5,20.0,3.5,17.5,23.0,21.5,22.0,24,25.0,27.0,32.0,41.0,5.0,2.0,Complete,Complete,,86.21794,B,29.0,45.0,91.14583,A,,,,,,,,,,,,,,,,,6.0,,93.28571,76.92307,0.0,7.0
,457.5,457.5,457.5,4,4.5,5.0,20.0,5.0,20.0,5.0,19.0,4.5,19.0,5.0,20.0,4.5,19.5,25.0,25,24.0,25,25.0,30.0,32.0,40.0,,2.0,Complete,Complete,Complete,91.02564,A,27.5,43.0,92.70833,A,,,,,,,,,,,,,,,,,6.0,,97.42857,78.46153000000001,0.0,2.0
,460.5,460.5,460.5,5,4.5,5.0,20.0,5.0,20.0,5.0,20.0,0.0,0.0,5.0,20.0,5.0,20.0,25.0,25,25.0,24,25.0,28.0,33.0,48.0,,2.0,Complete,Complete,Complete,75.96153000000001,C,30.0,42.0,94.6875,A,,15.0,,,,,,,,,,,,,,,6.0,,91.71428,83.84615,100.0,2.0
,148.0,148.0,148.0,0,0,0.0,0.0,0.0,0.0,0.0,0.0,4.5,18.5,4.0,20.0,0.0,0.0,0.0,0,0.0,0,0.0,28.0,34.0,0.0,,,,,Complete,32.6923,F,30.0,0.0,30.83333,F,7-Apr-20,9.0,,,,,,,,,,,,,,,0.0,,22.0,47.6923,60.0,0.0
,481.5,481.5,481.5,5,5,5.0,20.0,5.0,20.0,5.0,19.0,5.0,19.0,5.0,20.0,4.0,19.0,25.0,25,23.5,24.5,25.0,30.0,33.0,44.0,,,,,,92.30769000000001,A,30.0,44.5,94.16666,A,,15.0,,,,,,,,,,,,,,,6.0,,98.14285,82.30769000000001,100.0,0.0
,390.5,390.5,390.5,5,4,4.0,20.0,0.0,0.0,3.0,19.0,4.0,20.0,4.0,20.0,4.0,18.5,22.0,21,23.0,24,25.0,0.0,24.0,42.0,5.0,1.0,,Complete,,51.92307,F,23.0,43.0,81.14583,B,,11.0,,,,,,,,,,,,,,,2.0,,85.0,50.76923,73.33333,6.0
,291.0,291.0,291.0,4.5,4,0.0,0.0,5.0,18.0,0.0,0.0,5.0,20.0,5.0,15.0,3.5,19.0,,0,0.0,0,25.0,17.0,25.0,38.0,0.0,1.0,,Complete,Complete,48.39743,F,29.0,45.0,60.41666,D,,11.0,0.0,,,,,,,,,,,,,,2.0,,54.14285,61.53846,73.33333,1.0
,403.5,403.5,403.5,5,5,5.0,20.0,4.0,18.5,5.0,19.5,5.0,19.5,4.5,18.0,5.0,18.5,24.0,0,23.0,20,25.0,27.0,21.0,39.0,0.0,1.0,,Complete,Complete,89.42307,B,23.0,43.0,86.14583,B,,,,,,,,,,,,,,,,,6.0,,85.85714,66.92307,0.0,1.0
,440.0,440.0,440.0,4.5,4,2.5,20.0,0.0,0.0,2.0,16.5,5.0,20.0,5.0,19.5,5.0,18.0,24.0,24,25.0,25,25.0,28.0,37.0,45.0,5.0,0.0,,,,66.34615,D,24.0,45.0,86.35416,B,,10.0,0.0,,,,,,,,,,,,,,1.0,,87.28571,84.61538,66.66666,5.0
,342.0,342.0,342.0,4.5,4,5.0,20.0,0.0,0.0,0.0,0.0,5.0,,4.0,20.0,,,23.5,22,25.0,25,25.0,26.0,32.0,39.0,,2.0,Complete,Complete,Complete,41.98717,F,19.5,41.5,77.70833,C,,,,,,,,,,,,,,,,,1.0,,67.28571,74.61538,0.0,2.0
,430.5,430.5,430.5,4.5,4,3.5,20.0,5.0,17.0,5.0,19.0,5.0,18.5,4.0,20.0,4.0,17.5,21.0,23,22.0,24,25.0,15.0,23.0,38.0,0.0,3.0,Complete,Complete,Complete,78.52564,C,27.5,44.0,84.6875,B,,15.0,,,,,,,,,,,,,,,6.0,,92.85714,58.46153,100.0,3.0
,447.5,447.5,447.5,5,5,4.5,19.0,5.0,19.5,3.0,18.0,4.0,20.0,5.0,20.0,4.0,17.5,22.0,23,22.0,24,25.0,30.0,29.0,46.0,0.0,1.0,Complete,,Complete,87.82051,B,28.0,45.0,90.9375,A,,,,,,,,,,,,,,,,,4.0,,93.85714,80.76923000000001,0.0,1.0
,410.0,410.0,410.0,4,5,4.0,17.0,5.0,20.0,4.5,19.5,4.5,19.5,5.0,18.0,4.5,20.0,25.0,,24.0,,,30.0,37.0,46.0,,,,,,93.58974,B,26.5,45.0,82.70833,B,,13.0,,,,,,,,,,,,,,,13.0,,74.85714,86.92307,86.66666,0.0
,465.5,465.5,465.5,5,5,0.0,20.0,5.0,20.0,5.0,17.0,5.0,20.0,5.0,20.0,4.0,19.0,24.0,23.5,24.0,24,25.0,29.0,30.0,40.0,0.0,2.0,Complete,Complete,Complete,87.82051,B,30.0,45.0,91.97916,A,,15.0,0.0,,,,,,,,,,,,,,6.0,,95.85714,76.15384,100.0,2.0
,469.0,469.0,469.0,5,5,5.0,20.0,3.0,20.0,5.0,16.5,5.0,20.0,5.0,20.0,4.5,17.0,0.0,25,25.0,25,25.0,33.0,38.0,49.0,5.0,2.0,Complete,Complete,Complete,90.70512,A,30.0,45.0,97.1875,A,,13.0,0.5,,,,,,,,,,,,,0.5,4.0,,90.28571,92.30769000000001,86.66666,7.5
,464.0,464.0,464.0,4.5,5,5.0,20.0,5.0,20.0,5.0,16.0,5.0,18.0,5.0,20.0,4.0,20.0,25.0,25,24.0,23.5,25.0,29.0,33.0,46.0,,2.0,Complete,Complete,Complete,88.78205,B,30.0,45.0,94.58333,A,,,,0.0,,,,,,,,,,,,,6.0,,97.28571,83.07692,0.0,2.0
,448.5,448.5,448.5,4.5,5,5.0,19.5,4.0,19.5,5.0,19.0,5.0,19.0,4.0,18.0,5.0,19.0,25.0,24,22.0,22,25.0,23.0,27.0,44.0,5.0,2.0,Complete,Complete,Complete,86.21794,B,29.0,45.0,91.14583,A,,,,,,,,,,,,,,,,,6.0,,95.42857,72.30769000000001,0.0,7.0
,489.25,489.25,489.25,5,5,5.0,19.0,3.0,17.0,5.0,17.0,5.0,20.0,5.0,19.0,5.0,19.5,24.5,23.5,23.25,23,25.0,29.0,32.0,47.0,5.0,2.0,Complete,Complete,Complete,89.10256,A,29.0,44.0,95.15625,A,,15.0,5.0,0.5,0.5,0.5,0.5,5.0,,,0.5,,0.5,,,0.5,6.0,,94.78571,83.07692,100.0,12.0
,439.5,439.5,439.5,5,4,4.0,20.0,4.0,17.0,4.0,18.5,3.5,20.0,5.0,20.0,4.0,19.5,22.0,22,24.0,24,21.0,27.0,24.0,36.0,0.0,2.0,Complete,Complete,,85.25641,B,27.0,43.0,86.35416,B,,15.0,,,,,,,,,,,,,,,6.0,,92.14285,66.92307,100.0,2.0
,340.0,340.0,340.0,4.5,5,5.0,20.0,5.0,19.0,5.0,20.0,5.0,20.0,5.0,20.0,4.5,20.0,0.0,0,23.0,0,0.0,18.0,18.0,33.0,5.0,2.0,Complete,Complete,,81.73076,B,30.0,44.0,71.04166,C,,10.0,0.0,,,,,,,,,,,,,,1.0,,70.14285,53.076919999999994,66.66666,7.0
,400.5,400.5,400.5,3.5,4.5,4.0,20.0,5.0,18.0,5.0,16.0,4.0,18.0,4.0,16.0,5.0,20.0,17.5,17,22.0,18.5,25.0,28.0,18.0,41.0,5.0,1.0,,Complete,,83.33333,B,26.5,22.0,79.27083,B,,13.0,,,,,,,,,,,,,0.0,,4.0,,81.0,66.92307,86.66666,6.0
,469.0,469.0,469.0,5,5,4.5,19.0,5.0,20.0,4.0,19.0,5.0,18.5,5.0,20.0,4.5,17.5,22.0,25,25.0,22,25.0,37.0,36.0,40.0,5.0,1.0,Complete,,Complete,94.87179,A,30.0,44.0,95.20833,A,,,,,,,,,,,,,,,,,6.0,,95.71428,86.92307,0.0,6.0
,389.5,389.5,389.5,4,4.5,1.5,20.0,3.0,17.0,5.0,17.0,5.0,20.0,5.0,20.0,5.0,18.0,23.0,,22.0,24,25.0,22.0,27.0,27.0,,1.0,Complete,,Complete,80.1282,B,26.5,42.0,82.60416,B,,,,0.0,,,0.0,0.0,,,,,,,,,6.0,,85.42857,58.46153,0.0,1.0
,237.5,237.5,237.5,,,4.0,18.0,0.0,0.0,5.0,20.0,3.5,19.0,5.0,16.0,0.0,0.0,,,,,,27.0,33.0,35.0,,,,,,68.91025,D,30.0,,47.1875,F,3/4/20,11.0,,,,,,,,,,,,,,,11.0,,34.42857,73.07692,73.33333,0.0
,430.75,430.75,430.75,5,5,5.0,20.0,5.0,14.0,5.0,18.0,4.5,19.0,4.0,19.0,4.5,18.0,22.5,24,25.0,24,25.0,20.0,24.0,42.0,,2.0,Complete,Complete,Complete,79.80769000000001,C,29.75,44.5,88.07291,B,,,,,,,,,,,,,,,,,4.0,,94.5,66.15384,0.0,2.0
,474.0,474.0,474.0,5,4.5,3.0,19.0,3.0,20.0,5.0,16.0,5.0,19.0,5.0,20.0,5.0,20.0,24.5,25,25.0,25,25.0,32.0,35.0,47.0,,2.0,Complete,Complete,Complete,90.70512,A,30.0,45.0,96.66666,A,,,,0.5,0.5,0.0,0.5,0.5,0.5,0.5,0.5,0.5,0.5,0.5,,,6.0,,97.0,87.6923,0.0,2.0
,417.0,417.0,417.0,5,5,5.0,19.0,5.0,20.0,5.0,20.0,5.0,20.0,5.0,20.0,4.5,19.5,25.0,24,23.0,,25.0,27.0,30.0,37.0,,1.0,,Complete,Complete,87.82051,B,22.0,45.0,88.95833,B,,,,,,,,,,,,,,,,,1.0,,89.14285,72.30769000000001,0.0,1.0
,320.5,320.5,320.5,4,5,3.0,19.0,0.0,0.0,0.0,0.0,0.0,0.0,4.0,17.0,5.0,19.0,20.0,21,16.0,23,25.0,22.0,25.0,35.0,,,,,,35.256409999999995,F,12.5,43.0,68.64583,D,,,,,,,,,,,,,,,,,2.0,,65.0,63.076919999999994,0.0,0.0
,476.0,476.0,476.0,4.5,5,5.0,20.0,5.0,19.0,5.0,16.5,5.0,18.5,5.0,19.0,5.0,20.0,23.25,18,25.0,24.75,25.0,33.0,37.0,46.0,,1.0,Complete,,,91.34615,A,26.0,44.5,94.375,A,,15.0,,,,,,,,,,,,,,,6.0,,94.14285,89.23076,100.0,1.0
,462.0,462.0,462.0,5,5,5.0,20.0,2.0,20.0,4.0,19.0,5.0,18.0,4.0,20.0,4.0,20.0,23.0,21.5,24.0,24,25.0,29.0,30.0,43.0,,,,,,87.82051,B,30.0,42.5,90.72916,A,,14.0,,,,,,,,,,,,,,,5.0,,94.57141999999999,78.46153000000001,93.33333,0.0
,446.0,446.0,446.0,4.5,4.5,4.0,20.0,5.0,20.0,5.0,19.0,5.0,19.0,4.0,19.5,4.5,18.5,24.0,21.5,25.0,24,0.0,32.0,34.0,37.0,0.0,1.0,Complete,Complete,,92.30769000000001,A,30.0,45.0,90.83333,A,,15.0,0.0,,,,,,,,,,,,,,6.0,,89.42857,79.23076,100.0,1.0
,359.0,359.0,359.0,4.5,4.5,4.5,20.0,3.0,18.0,5.0,18.0,4.0,17.0,0.0,4.0,4.5,17.0,21.0,24,0.0,0,23.0,25.0,26.0,31.0,,,,,,83.01281999999999,B,26.5,37.5,73.54166,C,,15.0,,,,,,,,,,,,,,,6.0,,70.57141999999999,63.076919999999994,100.0,0.0
,415.0,415.0,415.0,5,5,2.5,20.0,3.0,20.0,5.0,19.0,4.0,19.0,4.0,20.0,5.0,20.0,23.5,22,25.0,22,25.0,22.0,23.0,33.0,,1.0,,Complete,Complete,83.65384,B,21.5,40.5,82.70833,B,,,,,,,,,,,,,,,,,6.0,,91.71428,60.0,0.0,1.0
,474.5,474.5,474.5,5,5,5.0,20.0,5.0,14.0,5.0,17.0,5.0,20.0,4.0,20.0,4.5,20.0,23.0,25,25.0,25,25.0,38.0,38.0,45.0,,1.0,Complete,,Complete,92.94870999999999,A,30.0,45.0,96.97916,A,,,,,,,,,,,,,,,,,6.0,,96.42857,93.07692,0.0,1.0
,464.5,464.5,464.5,5,5,5.0,20.0,5.0,20.0,4.0,19.0,5.0,17.0,5.0,20.0,5.0,19.0,24.0,0,25.0,25,25.0,34.0,35.0,46.0,5.0,1.0,Complete,,Complete,93.58974,A,29.5,38.0,93.875,A,,15.0,1.5,0.0,0.0,0.0,0.5,0.5,,,,0.5,,,,,6.0,,88.71428,88.46153000000001,100.0,7.5
,400.0,400.0,400.0,0,0,4.5,20.0,3.0,19.0,5.0,15.0,4.0,17.0,3.0,16.0,4.5,17.0,22.5,23,22.0,24,0.0,30.0,35.0,36.0,,,,,,77.88461,C,22.5,40.0,82.5,B,,13.0,,,,,,,,,,,,,,,4.0,,80.57141999999999,77.6923,86.66666,0.0
,427.5,427.5,427.5,4,5,4.5,20.0,3.0,13.0,5.0,15.0,5.0,19.0,3.0,16.0,4.5,20.0,24.0,25,24.5,23,25.0,24.0,22.0,36.0,,2.0,Complete,Complete,Complete,79.16666,D,25.0,41.0,84.47916,B,,15.0,,,,,,,,,,,,,,,6.0,,90.14285,63.076919999999994,100.0,2.0
,443.0,443.0,443.0,4.5,4.5,4.5,19.0,2.0,16.0,5.0,15.5,5.0,20.0,4.0,16.0,4.0,19.0,23.5,25,22.0,23.5,25.0,24.0,32.0,45.0,5.0,1.0,Complete,,Complete,80.1282,B,29.0,43.5,90.20833,A,,,,,,,,,,,,,,0.5,0.5,0.5,5.0,,91.85714,77.6923,0.0,6.0
,455.0,455.0,455.0,4.5,4.5,5.0,20.0,3.5,18.0,5.0,16.0,4.5,18.0,5.0,18.0,4.0,18.0,24.0,25,22.5,25,25.0,24.0,31.0,33.0,,2.0,,Complete,Complete,88.46153000000001,B,26.5,45.0,87.70833,B,,15.0,,,,,,,,,,,,,,,15.0,,93.71428,67.6923,100.0,2.0
,456.0,456.0,456.0,4,5,3.5,19.0,4.0,19.0,4.0,16.5,5.0,19.0,5.0,19.0,5.0,20.0,25.0,21.25,24.0,25,25.0,26.0,26.0,42.0,,1.0,Complete,,Complete,83.97435,B,30.0,42.75,89.89583,A,,15.0,,,,,,,,,,,,,,,6.0,,94.85714,72.30769000000001,100.0,1.0
,461.25,461.25,461.25,3.5,4.5,4.5,19.0,3.0,16.0,5.0,17.0,5.0,19.5,5.0,19.0,5.0,19.5,24.0,24.25,24.75,24.25,25.0,23.0,32.0,44.0,,2.0,Complete,Complete,Complete,80.76923000000001,B,29.5,44.0,91.30208,A,,15.0,,,,,,,,,,,,,,,6.0,,95.21428,76.15384,100.0,2.0
,414.5,414.5,414.5,4,4.5,4.5,19.0,4.0,19.0,5.0,19.5,5.0,18.5,5.0,19.0,4.0,18.5,23.0,0,24.0,24,25.0,28.0,28.0,39.0,0.0,2.0,Complete,Complete,Complete,87.82051,B,23.0,45.0,88.64583,A,,,,,,,,,,,,,,,,,6.0,,87.14285,73.07692,0.0,2.0
,477.5,477.5,477.5,5,4.5,4.0,20.0,5.0,17.0,4.5,19.5,5.0,20.0,5.0,20.0,4.0,19.5,23.0,22,25.0,25,25.0,30.0,34.0,48.0,0.0,3.0,Complete,Complete,Complete,90.0641,A,26.5,45.0,94.27083,A,,15.0,,,,,,,,,,,,,,,6.0,,95.71428,86.15384,100.0,3.0
,449.5,449.5,449.5,5,4.5,4.5,19.5,4.0,19.0,5.0,19.5,5.0,18.5,5.0,20.0,4.5,19.0,24.0,25,24.5,23,25.0,29.0,31.0,40.0,0.0,2.0,Complete,Complete,Complete,89.42307,B,25.0,44.0,91.14583,A,,,,,,,,,,,,,,,,,6.0,,95.42857,76.92307,0.0,2.0
,470.0,470.0,470.0,4.5,4.5,5.0,20.0,3.0,20.0,5.0,18.0,2.5,18.0,4.0,20.0,5.0,20.0,25.0,25,24.0,23,25.0,28.0,27.0,43.0,5.0,2.0,Complete,Complete,Complete,86.21794,B,30.0,44.5,91.35416,A,,15.0,,,,,,,,,,,,,,,6.0,,96.28571,75.38461,100.0,7.0
,441.5,441.5,441.5,4,5,5.0,18.0,5.0,20.0,5.0,18.5,5.0,20.0,5.0,19.0,4.0,19.0,20.0,20,20.0,24,25.0,34.0,26.0,42.0,0.0,0.0,,,,93.26923000000001,A,28.0,44.0,89.6875,A,,,,,,,,,,,,,,,,,6.0,,92.71428,78.46153000000001,0.0,0.0
,412.0,412.0,412.0,,4.5,,,5.0,20.0,5.0,18.5,5.0,19.0,5.0,20.0,4.0,20.0,22.5,23,23.0,23,25.0,24.0,28.0,40.0,,2.0,Complete,Complete,Complete,67.30769000000001,D,29.5,44.0,88.125,B,,,,,,,,,,,,,,,,,4.0,,89.0,70.76923000000001,0.0,2.0
,175.5,175.5,175.5,4,5,5.0,18.0,3.5,19.0,4.5,19.0,1.5,20.0,0.0,0.0,0.0,0.0,,,,,,24.0,28.0,,,,,,,86.85897,B,0.0,,34.0625,F,3/4/20,12.0,,,,,,,,,,,,,,,12.0,,25.85714,40.0,80.0,0.0
,424.0,424.0,424.0,4,5,5.0,20.0,5.0,17.0,0.0,0.0,4.0,20.0,3.0,20.0,4.0,18.5,22.0,22,24.0,23,25.0,30.0,22.0,36.0,5.0,3.0,Complete,Complete,Complete,74.35897,C,25.5,43.0,87.70833,B,,15.0,,,,,,,,,,,,,,,6.0,,86.0,67.6923,100.0,8.0
,374.0,374.0,374.0,5,5,5.0,20.0,5.0,15.0,5.0,18.0,5.0,20.0,,,5.0,25.0,,25,25.0,25,,22.0,23.0,40.0,,,,,Complete,83.97435,B,30.0,45.0,90.20833,A,,,,,,,,,,,,,,,,,6.0,,78.0,65.38461,0.0,0.0
,338.5,338.5,338.5,0,0,4.0,20.0,5.0,19.0,0.0,0.0,5.0,20.0,4.0,20.0,5.0,18.5,19.0,,23.0,,,26.0,33.0,42.0,,1.0,,Complete,,64.74358000000001,D,28.5,44.5,77.39583,C,,,,,,,,,,,,,,,,,2.0,,67.28571,77.6923,0.0,1.0
,412.5,412.5,412.5,5,5,5.0,20.0,5.0,20.0,0.0,0.0,5.0,20.0,5.0,19.5,4.5,20.0,24.0,22,25.0,25,0.0,29.0,30.0,31.0,0.0,0.0,,,Complete,76.28205,C,28.5,45.0,84.89583,B,,14.0,0.0,,,,,,,,,,,,,,5.0,,83.85714,69.23076,93.33333,0.0
,492.5,492.5,492.5,4.5,5,5.0,20.0,5.0,20.0,5.0,17.0,5.0,20.0,5.0,20.0,4.5,20.0,25.0,24,24.5,24,25.0,35.0,34.0,49.0,0.0,0.0,,,,94.55128,A,30.0,45.0,96.77083,A,,15.0,0.0,,,,,,,,,,,,,,6.0,,98.28571,90.76923000000001,100.0,0.0
,398.5,398.5,398.5,5,4.5,3.5,19.0,3.0,18.0,5.0,20.0,5.0,20.0,5.0,20.0,4.5,20.0,24.0,19,23.0,0,25.0,30.0,18.0,23.0,0.0,0.0,,Complete,,85.25641,B,30.0,45.0,84.0625,B,,9.0,0.0,,,,,,,,,,,,,,0.0,,88.28571,54.61538,60.0,0.0
,468.5,468.5,468.5,5,5,5.0,20.0,5.0,19.0,5.0,19.5,5.0,18.5,5.0,20.0,5.0,19.0,24.0,24.5,24.0,24,25.0,33.0,33.0,45.0,0.0,0.0,,,,93.58974,A,29.0,45.0,94.58333,A,,,,,,,,,,,,,,,,,6.0,,97.57141999999999,85.38461,0.0,0.0
,467.75,467.75,467.75,5,5,5.0,19.0,5.0,17.0,5.0,19.5,5.0,19.5,5.0,19.0,5.0,20.0,25.0,24.5,25.0,24,25.0,28.0,33.0,42.0,,,,,Complete,87.82051,B,26.5,43.75,92.03125,A,,13.0,,,,,,,,,,,,,,,4.0,,96.5,79.23076,86.66666,0.0
,319.5,319.5,319.5,4,2,5.0,20.0,5.0,18.0,3.0,18.0,5.0,20.0,5.0,20.0,0.0,0.0,25.0,,,,,31.0,25.0,37.0,,2.0,Complete,Complete,,87.82051,B,25.5,45.0,68.85416,D,,,,,,,,,,,,,,,,,6.0,,61.285709999999995,71.53846,0.0,2.0
,191.5,191.5,191.5,In Progress,In Progress,5.0,18.0,5.0,20.0,4.5,17.0,3.0,17.0,4.0,20.0,0.0,0.0,,,,,,25.0,,,,,,,,83.01281999999999,C,23.0,,36.77083,F,3/4/20,15.0,,,,,,,,,,,,,,,15.0,,39.0,19.23076,100.0,0.0
,319.0,319.0,319.0,4.5,4.5,5.0,20.0,3.0,19.0,5.0,20.0,1.0,18.0,5.0,18.0,4.5,18.5,0.0,0,0.0,0,0.0,24.0,27.0,38.0,0.0,1.0,,Complete,,79.48716999999999,D,30.0,45.0,66.66666,D,,9.0,0.0,,,,,,,,,,,,,,0.0,,60.571419999999996,68.46153000000001,60.0,1.0
,489.0,489.0,489.0,5,5,5.0,20.0,5.0,20.0,5.0,20.0,4.5,20.0,5.0,20.0,5.0,20.0,25.0,25,23.0,24,25.0,31.0,38.0,46.0,,,,,,93.91025,A,26.5,45.0,95.83333,A,,15.0,,,,,,,,,,,,,,,6.0,,98.0,88.46153000000001,100.0,0.0
,154.5,154.5,154.5,3.5,1,,,5.0,18.0,5.0,17.0,4.0,19.0,0.0,0.0,,,,,,,,29.0,22.0,,,,,,,65.70512,D,30.0,,29.479159999999997,F,,,,,,,,,,,,,,,,,1.0,,28.0,39.23076,0.0,0.0
,458.5,458.5,458.5,4.5,5,5.0,20.0,4.0,17.0,5.0,18.0,4.5,20.0,5.0,20.0,4.5,19.5,21.0,22,24.0,25,25.0,30.0,28.0,42.0,0.0,3.0,Complete,Complete,Complete,88.46153000000001,B,28.5,42.0,90.72916,A,,14.0,,,,,,,,,,,,,,,5.0,,94.28571,76.92307,93.33333,3.0
,115.5,115.5,115.5,4.5,4,5.0,18.0,2.0,20.0,5.0,2.0,4.0,19.0,0.0,0.0,,,,,,,,31.0,,,,,,,Complete,74.03846,C,,,,,,,,,,,,,,,,,,,,,1.0,,21.42857,23.84615,0.0,0.0
,315.0,315.0,315.0,5,5,4.5,19.0,,,,0.0,5.0,16.0,5.0,20.0,4.5,20.0,,,24.0,25,25.0,29.0,1.0,41.0,,1.0,Complete,,,53.52564,F,24.0,42.0,67.70833,D,,,,,,,,,,,,,,,,,0.0,,66.85714,54.61538,0.0,1.0
,431.75,431.75,431.75,5,5,5.0,19.0,3.0,19.0,5.0,18.0,5.0,19.5,5.0,19.5,5.0,19.5,23.0,24,24.5,24.75,0.0,28.0,35.0,27.0,,2.0,Complete,Complete,Complete,87.5,B,30.0,44.0,89.32291,A,,14.0,,,,,,,,,,,,,,,5.0,,89.35714,69.23076,93.33333,2.0
,332.0,332.0,332.0,,,4.0,20.0,5.0,18.0,5.0,19.0,5.0,20.0,5.0,20.0,4.5,20.0,24.0,25,,,,30.0,29.0,43.0,,,,,,84.61538,B,29.5,,71.25,C,,,,,,,,,,,,,,,,,6.0,,64.0,78.46153000000001,0.0,0.0
,494.0,494.0,494.0,5,5,5.0,20.0,5.0,20.0,5.0,20.0,4.0,19.5,5.0,19.0,5.0,18.5,25.0,25,25.0,24,25.0,33.0,36.0,45.0,,,,,,100.32051,A,25.0,45.0,94.89583,A,,15.0,,,,,,,,,,,,,,,15.0,,97.14285,87.6923,100.0,0.0
,409.5,409.5,409.5,4,4.5,5.0,20.0,3.0,20.0,5.0,18.0,5.0,19.0,4.0,20.0,4.0,20.0,23.0,17.5,24.0,0,25.0,26.0,27.0,27.0,,,,,Complete,85.57692,B,27.5,44.0,84.47916,B,,13.0,,,,,,,,,,,,,,,4.0,,86.85714,61.53846,86.66666,0.0
,443.0,443.0,443.0,3.5,4.5,3.0,20.0,5.0,17.0,5.0,19.0,5.0,20.0,4.0,20.0,4.0,19.0,23.0,25,22.0,25,25.0,30.0,27.0,38.0,,1.0,,Complete,Complete,88.46153000000001,B,29.5,43.5,89.375,A,,,,,,,,,,,,,,,,,6.0,,95.42857,73.07692,0.0,1.0
,503.5,503.5,503.5,4.5,5,5.0,20.0,3.0,17.0,5.0,18.0,5.0,20.0,5.0,20.0,5.0,20.0,25.0,25,25.0,25,25.0,33.0,33.0,48.0,5.0,2.0,Complete,Complete,Complete,93.26923000000001,A,30.0,45.0,98.64583,A,,15.0,5.0,0.5,0.0,0.5,0.5,0.5,0.5,0.5,0.5,0.5,0.5,0.5,0.5,0.5,6.0,,98.0,87.6923,100.0,12.0
,445.5,445.5,445.5,3.5,5,4.5,20.0,5.0,18.0,5.0,19.5,5.0,18.0,5.0,20.0,4.0,19.0,24.0,20,25.0,22,25.0,26.0,34.0,46.0,0.0,2.0,Complete,Complete,Complete,84.93589,B,24.0,45.0,90.9375,A,,,,,,,,,,,,,,,,,3.0,,93.71428,81.53846,0.0,2.0
,471.5,471.5,471.5,5,4.5,5.0,20.0,3.0,20.0,4.0,16.0,5.0,19.0,4.0,15.0,5.0,17.0,25.0,25,24.0,23.5,25.0,35.0,25.0,49.0,5.0,2.0,Complete,Complete,,91.34615,A,28.0,43.5,93.4375,A,,15.0,,,,,,,,,,,,,,,6.0,,93.42857,83.84615,100.0,7.0
,211.0,211.0,211.0,,,0.0,0.0,0.0,7.0,5.0,15.0,5.0,20.0,5.0,20.0,4.0,17.0,0.0,0,0.0,0,0.0,21.0,,47.0,0.0,0.0,,,,50.641020000000005,F,24.0,0.0,42.70833,F,5-May,15.0,0.0,,,,,,,,,,,,,,6.0,,34.85714,52.30769,100.0,0.0
,491.0,491.0,491.0,5,5,5.0,18.0,5.0,20.0,5.0,19.0,5.0,19.0,4.0,20.0,5.0,20.0,25.0,25,24.0,24,25.0,29.0,35.0,45.0,5.0,1.0,Complete,,Complete,91.34615,A,30.0,45.0,94.58333,A,,15.0,1.5,0.5,,,0.5,,,,0.5,,,,,,6.0,,98.0,83.84615,100.0,7.5
,436.25,436.25,436.25,5,5,5.0,20.0,5.0,20.0,5.0,17.0,5.0,20.0,5.0,18.0,4.5,19.0,23.0,25,23.0,23.5,23.0,27.0,26.0,33.0,,2.0,Complete,Complete,Complete,89.74358000000001,B,29.25,44.0,88.59375,B,,,,,,,,,,,,,,,,,6.0,,95.5,66.15384,0.0,2.0
,487.0,487.0,487.0,5,5,5.0,20.0,5.0,20.0,5.0,19.5,3.5,19.0,5.0,20.0,5.0,20.0,25.0,23,24.0,24,25.0,34.0,37.0,47.0,,2.0,Complete,Complete,Complete,94.23076,A,26.5,43.5,95.52083,A,,15.0,,,,,,,,,,,,,,,6.0,,96.57141999999999,90.76923000000001,100.0,2.0
,417.0,417.0,417.0,4,5,4.0,19.0,4.0,19.5,4.0,19.0,5.0,18.5,5.0,20.0,4.5,19.0,24.0,22.5,0.0,23,25.0,31.0,26.0,40.0,0.0,2.0,Complete,Complete,Complete,88.46153000000001,B,26.0,44.0,89.16666,A,,,,,,,,,,,,,,,,,5.0,,87.42857,74.61538,0.0,2.0
,461.5,461.5,461.5,5,4.5,4.5,19.5,5.0,19.5,5.0,20.0,4.5,20.0,5.0,20.0,5.0,20.0,24.0,25,25.0,0,25.0,40.0,37.0,47.0,0.0,2.0,Complete,Complete,Complete,98.39743,A,30.0,45.0,98.4375,A,,,,,,,,,,,,,,,,,6.0,,92.0,95.38461,0.0,2.0
,452.5,452.5,452.5,4,5,5.0,20.0,2.5,20.0,4.0,17.0,4.0,20.0,5.0,20.0,4.0,20.0,22.5,25,25.0,25,25.0,28.0,32.0,41.0,,2.0,Complete,Complete,Complete,86.85897,B,29.0,43.5,93.22916,A,,,,,,,,,,,,,,,,,6.0,,96.14285,77.6923,0.0,2.0
,346.5,346.5,346.5,4.5,4,5.0,20.0,4.0,16.0,5.0,17.0,0.0,0.0,3.5,20.0,4.0,18.0,0.0,21,23.5,23,25.0,23.0,16.0,34.0,0.0,1.0,,,Complete,66.98716999999999,D,0.0,39.0,71.14583,C,,15.0,,,,,,,,,,,,,,,6.0,,69.71428,56.15384,100.0,1.0
,439.0,439.0,439.0,4.5,5,4.0,20.0,5.0,18.0,5.0,19.5,0.0,0.0,3.5,20.0,4.5,17.5,22.0,22.5,25.0,25,25.0,27.0,36.0,45.0,0.0,1.0,Complete,Complete,,70.51281999999999,C,27.0,45.0,91.25,A,,11.0,,,,,,,,,,,,,,0.0,2.0,,88.14285,83.07692,73.33333,1.0
,459.5,459.5,459.5,5,5,5.0,20.0,5.0,19.0,5.0,16.5,5.0,20.0,4.0,20.0,4.5,19.5,24.0,24.5,24.0,24,0.0,28.0,39.0,48.0,0.0,3.0,Complete,Complete,Complete,89.74358000000001,A,24.5,44.0,94.375,A,,15.0,2.5,,,,,0.5,,,,,0.5,0.5,0.5,0.5,6.0,,88.14285,88.46153000000001,100.0,5.5
,458.5,458.5,458.5,5,5,4.5,20.0,5.0,18.5,5.0,20.0,4.0,19.5,5.0,20.0,5.0,19.0,25.0,23,25.0,25,0.0,34.0,36.0,45.0,0.0,3.0,Complete,Complete,Complete,93.26923000000001,A,26.0,45.0,95.10416,A,,14.0,,,,,,,,,,,,,,,5.0,,89.85714,88.46153000000001,93.33333,3.0
,442.0,442.0,442.0,In Progress,5,4.5,19.0,3.0,19.0,4.0,20.0,5.0,18.5,5.0,20.0,4.0,20.0,24.5,22,24.0,21,25.0,24.0,25.0,37.0,,2.0,Complete,Complete,In Progress,81.41025,B,29.5,44.0,86.66666,B,,14.0,,,,,,,,,,,,,,,5.0,,94.85714,66.15384,93.33333,2.0
,418.5,418.5,418.5,4,5,5.0,20.0,3.0,19.0,5.0,18.0,0.0,0.0,4.0,16.0,4.0,20.0,23.0,25,23.0,24,25.0,24.0,23.0,39.0,,1.0,Complete,,Complete,68.58974,D,28.5,44.0,86.5625,B,,13.0,,,,,,,,,,,,,,,4.0,,87.57141999999999,66.15384,86.66666,1.0
,407.5,407.5,407.5,5,5,5.0,19.0,5.0,20.0,5.0,19.5,2.5,19.0,5.0,20.0,4.5,20.0,0.0,25,23.0,20,0.0,20.0,33.0,37.0,,1.0,Complete,,Complete,83.97435,B,30.0,44.0,83.64583,B,,15.0,,,,,,,,,,,,,,,6.0,,81.85714,69.23076,100.0,1.0
,346.5,346.5,346.5,4.5,5,5.0,20.0,5.0,20.0,5.0,19.0,5.0,19.0,5.0,20.0,5.0,0.0,,24,23.0,,,32.0,28.0,37.0,,1.0,Complete,,Complete,93.26923000000001,A,23.0,36.0,74.0625,C,,,,,,,,,,,,,,,,,6.0,,66.85714,74.61538,0.0,1.0
,480.0,480.0,480.0,4.5,5,4.5,19.0,2.0,18.0,4.0,16.5,5.0,19.5,5.0,20.0,5.0,20.0,24.75,22.25,23.5,24,25.0,29.0,35.0,50.0,5.0,1.0,Complete,Complete,Complete,85.25641,B,29.0,43.5,94.79166,A,,15.0,,,,,,,,,,,,,,,6.0,,94.42857,87.6923,100.0,6.0
,470.0,470.0,470.0,5,5,5.0,20.0,5.0,18.0,5.0,17.0,5.0,19.0,5.0,20.0,4.0,20.0,25.0,24,25.0,24,25.0,22.0,30.0,46.0,0.0,2.0,Complete,Complete,,84.61538,B,30.0,45.0,92.5,A,,15.0,0.0,,,,,,,,,,,,,,6.0,,97.42857,75.38461,100.0,2.0
,514.0,514.0,514.0,5,5,5.0,20.0,5.0,20.0,4.0,20.0,5.0,20.0,5.0,20.0,5.0,19.0,25.0,25,25.0,25,25.0,39.0,39.0,49.0,0.0,1.0,Complete,Complete,Complete,101.28205,A,30.0,45.0,98.33333,A,,15.0,4.0,0.5,0.5,0.5,,,0.5,0.5,0.5,0.5,0.5,,0.0,,6.0,,99.42857,97.6923,100.0,5.0
,377.0,377.0,377.0,4,5,5.0,20.0,1.0,15.0,5.0,,0.0,0.0,5.0,17.5,4.5,20.0,15.5,15,22.5,24,25.0,26.0,28.0,39.0,,1.0,Complete,,Complete,55.76923000000001,F,30.0,44.0,80.625,B,,,,,,,,,,,,,,,,,6.0,,76.85714,71.53846,0.0,1.0
,473.5,473.5,473.5,4.5,5,2.5,20.0,5.0,20.0,5.0,17.0,5.0,19.0,5.0,15.0,4.5,20.0,24.0,25,24.5,25,25.0,29.0,32.0,43.0,0.0,1.0,Complete,Complete,Complete,89.10256,B,30.0,45.0,93.22916,A,,14.0,2.5,0.5,0.5,0.5,0.5,0.0,,,,,,,,,5.0,,96.14285,80.0,93.33333,3.5
,397.0,397.0,397.0,5,4.5,5.0,20.0,5.0,16.0,3.0,18.0,5.0,18.0,5.0,17.0,,,23.0,,25.0,24,24.0,28.0,34.0,41.0,,,,,,83.01281999999999,B,30.0,44.5,84.58333,B,,,,,,,,,,,,,,,,,2.0,,80.71428,79.23076,0.0,0.0
,421.25,421.25,421.25,4.5,5,4.0,19.0,3.0,18.0,5.0,18.0,5.0,19.5,5.0,19.0,0.0,0.0,21.75,21,24.5,23.5,25.0,25.0,23.0,40.0,,1.0,Complete,,,84.61538,B,29.5,42.0,86.61458,B,,15.0,,,,,,,,,,,,,,,6.0,,86.5,67.6923,100.0,1.0
,330.0,330.0,330.0,,,4.0,18.0,5.0,20.0,5.0,20.0,3.0,20.0,5.0,17.0,3.5,19.0,21.0,,,,,26.0,27.0,28.0,,,,,,85.25641,C,27.5,37.0,66.25,D,,12.0,,,,,,,,,,,,,,,12.0,,64.28571,62.30769,80.0,0.0
,471.5,471.5,471.5,5,4,4.5,20.0,5.0,20.0,5.0,18.0,5.0,19.5,5.0,20.0,4.0,20.0,25.0,25,24.0,25,25.0,24.0,33.0,40.0,,2.0,Complete,Complete,,87.17948,B,30.0,44.5,92.1875,A,,15.0,,,,,,,,,,,,,,,6.0,,98.42857,74.61538,100.0,2.0
,497.0,497.0,497.0,3.5,5,5.0,20.0,5.0,20.0,5.0,18.0,5.0,20.0,5.0,20.0,4.5,20.0,25.0,25,25.0,24,25.0,37.0,37.0,48.0,0.0,0.0,,,,95.83333,A,29.0,45.0,97.29166,A,,15.0,0.0,,,,,,,,,,,,,,6.0,,98.71428,93.84615,100.0,0.0
,506.0,506.0,506.0,4.5,4.5,5.0,20.0,5.0,20.0,5.0,20.0,5.0,20.0,5.0,19.0,4.0,20.0,25.0,25,25.0,25,25.0,33.0,38.0,48.0,,2.0,Complete,Complete,Complete,100.64102,A,30.0,45.0,97.70833,A,,15.0,,,,,,,,,,,,,,,15.0,,99.42857,91.53846,100.0,2.0
,478.0,478.0,478.0,4.5,4.5,4.5,20.0,5.0,20.0,5.0,19.0,5.0,18.5,5.0,18.0,4.5,20.0,25.0,24,24.0,24,25.0,29.0,32.0,48.0,,2.0,Complete,Complete,Complete,90.38461,A,30.0,42.5,93.54166,A,,15.0,,,,,,,,,,,,,,,6.0,,96.85714,83.84615,100.0,2.0
,435.5,435.5,435.5,4.5,5,5.0,20.0,5.0,20.0,0.0,0.0,5.0,18.5,5.0,19.0,4.5,19.0,23.0,25,25.0,24,25.0,30.0,33.0,46.0,0.0,2.0,Complete,Complete,Complete,74.35897,C,27.0,44.0,93.02083,A,,,,,,,,,,,,,,,,,3.0,,89.71428,83.84615,0.0,2.0
,420.0,420.0,420.0,5,5,5.0,20.0,4.0,19.5,5.0,18.5,5.0,19.0,4.0,20.0,0.0,0.0,22.0,24,22.0,20,25.0,35.0,27.0,38.0,0.0,1.0,Complete,,,92.94870999999999,A,29.0,44.0,89.58333,A,,,,,,,,,,,,,,,,,4.0,,87.42857,76.92307,0.0,1.0
,440.5,440.5,440.5,5,5,5.0,20.0,0.0,18.0,4.0,20.0,3.0,18.5,5.0,19.0,0.0,19.0,25.0,24,23.5,24,25.0,23.0,30.0,43.0,,,,,Complete,80.44870999999999,B,26.5,38.0,87.1875,B,,13.0,,,,,,,,,,,,,,,4.0,,90.71428,73.84615,86.66666,0.0
,90.5,90.5,90.5,0,0,0.0,0.0,0.0,0.0,0.0,0.0,5.0,20.0,5.0,19.5,0.0,0.0,0.0,0,0.0,0,0.0,32.0,,,0.0,0.0,,Complete,,36.53846,F,0.0,0.0,,0,,9.0,0.0,,,,,,,,,,,,,,0.0,,14.14285,24.61538,60.0,0.0
,469.5,469.5,469.5,4.5,5,4.5,20.0,5.0,19.0,4.0,18.5,4.5,20.0,4.0,20.0,5.0,20.0,22.5,22.5,25.0,5,25.0,37.0,37.0,49.0,0.0,1.0,,Complete,,94.55128,A,27.5,45.0,95.83333,A,,14.0,0.5,,0.0,0.0,0.5,0.0,0.0,0.0,0.0,0.0,0.0,0.0,0.0,0.0,5.0,,90.57141999999999,94.61538,93.33333,1.5
,391.0,391.0,391.0,4.5,5,4.0,20.0,5.0,18.0,0.0,6.5,4.5,20.0,0.0,10.0,0.0,9.0,21.0,22,25.0,0,25.0,27.0,27.0,38.0,5.0,2.0,,Complete,In Progress,78.52564,C,29.0,39.5,80.10416,B,,15.0,2.5,0.5,0.5,0.5,0.5,0.5,,,,,,,,,6.0,,73.85714,70.76923000000001,100.0,9.5
,429.5,429.5,429.5,5,5,5.0,20.0,5.0,20.0,4.0,19.0,5.0,20.0,5.0,20.0,5.0,18.5,,20.5,24.0,25,25.0,30.0,31.0,45.0,,1.0,,Complete,Complete,89.10256,B,28.5,43.0,91.5625,A,,,,,,,,,,,,,,,,,1.0,,89.28571,81.53846,0.0,1.0
,451.0,451.0,451.0,5,5,5.0,19.0,5.0,16.0,5.0,15.0,5.0,18.0,5.0,20.0,5.0,19.5,23.5,25,24.0,25,25.0,26.0,36.0,42.0,,1.0,Complete,,Complete,81.41025,B,30.0,44.0,92.08333,A,,,,,,,,,,,,,,,,,3.0,,95.42857,80.0,0.0,1.0
,419.0,419.0,419.0,5,5,5.0,18.0,4.0,18.0,5.0,19.0,5.0,17.0,5.0,20.0,4.0,18.0,24.0,25,25.0,25,0.0,24.0,28.0,40.0,,2.0,Complete,Complete,Complete,83.97435,B,29.0,45.0,90.20833,A,,,,,,,,,,,,,,,,,6.0,,88.85714,70.76923000000001,0.0,2.0
,483.5,483.5,483.5,5,5,5.0,20.0,5.0,20.0,5.0,18.0,3.5,20.0,5.0,19.0,4.0,17.5,24.5,25,25.0,23.5,25.0,29.0,32.0,45.0,,2.0,Complete,Complete,Complete,96.47435,A,27.5,45.0,93.54166,A,,15.0,,,,,,,,,,,,,,,15.0,,96.42857,81.53846,100.0,2.0
,462.25,462.25,462.25,3.5,5,4.5,19.0,2.0,19.0,5.0,16.0,5.0,20.0,5.0,19.0,5.0,20.0,24.5,20.75,24.5,13.25,25.0,29.0,31.0,49.0,5.0,2.0,Complete,Complete,Complete,85.25641,B,29.0,44.25,92.91666,A,,12.0,2.0,0.5,0.5,0.5,0.5,0.0,,,,,,,,,3.0,,91.64285,83.84615,80.0,9.0
,417.0,417.0,417.0,,,5.0,19.0,5.0,17.0,0.0,0.0,4.5,20.0,5.0,18.0,4.5,19.0,24.5,18.5,23.5,21,25.0,14.0,30.0,42.0,,1.0,Complete,,,63.14102,F,30.0,43.5,84.16666,B,,14.0,,,,,,,,,,,,,,,14.0,,86.57141999999999,66.15384,93.33333,1.0
,382.0,382.0,382.0,In Progress,4.5,5.0,18.0,3.0,18.0,4.0,16.0,2.5,18.5,4.0,20.0,0.0,18.0,10.0,12.5,12.5,21,25.0,26.0,29.0,34.0,,1.0,Complete,,,77.88461,C,30.0,29.5,76.25,C,,15.0,,,,,,,,,,,,,,,6.0,,76.42857,68.46153000000001,100.0,1.0
,480.25,480.25,480.25,5,5,5.0,19.0,5.0,18.0,5.0,18.5,5.0,19.5,5.0,18.0,5.0,19.0,24.75,23.75,19.5,25,25.0,34.0,34.0,47.0,,1.0,,Complete,,92.94870999999999,A,29.5,44.75,94.94791,A,,15.0,,,,,,,,,,,,,,,6.0,,95.5,88.46153000000001,100.0,1.0
,404.5,404.5,404.5,4.5,4.5,5.0,19.0,5.0,19.0,5.0,17.5,5.0,19.0,5.0,19.0,4.0,19.0,25.0,23,23.0,21,0.0,25.0,24.0,35.0,0.0,2.0,Complete,Complete,Complete,86.21794,B,30.0,42.0,86.5625,B,,,,,,,,,,,,,,,,,6.0,,87.28571,64.61538,0.0,2.0
,481.75,481.75,481.75,4.5,5,5.0,19.0,5.0,19.0,5.0,18.5,5.0,19.5,5.0,19.0,5.0,19.5,25.0,24.5,23.5,25,25.0,37.0,33.0,45.0,,,Complete,,,93.91025,A,28.0,44.75,94.63541,A,,13.0,,0.0,,,,,,,,,,,,,4.0,,97.21428,88.46153000000001,86.66666,0.0
,360.5,360.5,360.5,5,4.5,4.0,19.0,3.5,18.0,5.0,20.0,0.0,0.0,4.0,18.5,4.0,19.0,19.0,0,0.0,22,25.0,31.0,31.0,40.0,0.0,1.0,Complete,Complete,,74.35897,C,20.0,42.0,77.1875,C,,,,,,,,,,,,,,,,,6.0,,69.42857,78.46153000000001,0.0,1.0
,453.5,453.5,453.5,5,5,5.0,19.0,3.0,20.0,3.0,16.0,5.0,20.0,5.0,20.0,5.0,20.0,24.0,24,23.0,22,25.0,27.0,25.0,41.0,,2.0,Complete,Complete,Complete,85.89743,B,30.0,40.5,89.27083,A,,15.0,,,,,,,,,,,,,,,6.0,,94.14285,71.53846,100.0,2.0
,349.75,349.75,349.75,4.5,5,5.0,19.0,3.0,19.0,5.0,18.0,5.0,19.5,5.0,19.0,5.0,19.5,17.5,15,23.5,0,0.0,25.0,18.0,20.0,,1.0,,Complete,Complete,90.0641,A,13.5,36.25,70.46875,C,,15.0,2.0,0.5,,,0.5,,,,5.0,0.5,,,,,6.0,,70.78571,48.461529999999996,100.0,3.0
,389.5,389.5,389.5,4.5,4.5,4.5,20.0,5.0,17.0,5.0,20.0,4.5,19.5,4.5,20.0,4.5,18.5,17.0,21,0.0,24,0.0,31.0,28.0,44.0,0.0,0.0,Complete,,,90.70512,C,26.5,25.0,79.89583,B,,15.0,,,,,,,,,,,,,,,6.0,,73.28571,79.23076,100.0,0.0
,448.5,448.5,448.5,5,4.5,4.5,20.0,4.0,17.0,5.0,18.0,4.5,20.0,5.0,20.0,5.0,18.5,22.5,23.5,24.0,0,25.0,31.0,34.0,44.0,0.0,2.0,Complete,Complete,Complete,89.42307,B,28.5,44.0,92.60416,A,,15.0,,,,,,,,,,,,,,,6.0,,88.28571,83.84615,100.0,2.0
,303.0,303.0,303.0,4.5,4.5,5.0,19.0,0.0,0.0,0.0,0.0,5.0,20.0,0.0,0.0,0.0,0.0,20.0,0,20.0,25,25.0,29.0,22.0,37.0,0.0,0.0,,,,58.333330000000004,F,24.0,39.0,65.0,D,,,,,,,,,,,,,,,,,4.0,,57.71428,67.6923,0.0,0.0
,458.5,458.5,458.5,5,4,5.0,20.0,3.0,20.0,4.0,19.0,5.0,20.0,5.0,20.0,5.0,19.0,22.0,23,24.5,25,25.0,25.0,24.0,40.0,0.0,1.0,Complete,,Complete,87.17948,B,30.0,45.0,89.89583,A,,15.0,0.0,,,,,,,,,,,,,,6.0,,97.0,68.46153000000001,100.0,1.0
,467.5,467.5,467.5,4,5,5.0,19.0,5.0,20.0,5.0,16.0,5.0,18.0,5.0,17.0,4.5,20.0,23.0,25,23.0,25,25.0,24.0,32.0,42.0,5.0,1.0,,Complete,,84.61538,B,30.0,44.0,91.97916,A,,15.0,,,,,,,,,,,,,,,6.0,,95.57141999999999,75.38461,100.0,6.0
,407.5,407.5,407.5,5,4.5,5.0,20.0,3.0,18.0,4.0,17.0,0.0,7.0,3.0,20.0,4.0,19.5,18.5,25,23.5,22.5,25.0,28.0,26.0,43.0,,1.0,,Complete,,71.47435,C,13.0,44.0,83.64583,B,,9.0,,,,,,,,,,,,,,,0.0,,83.42857,74.61538,60.0,1.0
,457.5,457.5,457.5,4.5,5,5.0,19.0,4.0,18.5,5.0,19.5,5.0,18.5,5.0,18.0,5.0,19.0,24.0,24.5,23.0,23,25.0,23.0,29.0,46.0,5.0,1.0,Complete,,,86.85897,B,29.0,45.0,92.70833,A,,,,0.5,0.5,,,0.5,0.5,0.5,0.0,,0.5,0.5,0.5,,6.0,,95.71428,75.38461,0.0,6.0
,461.0,461.0,461.0,5,4.5,5.0,20.0,3.0,18.0,4.0,20.0,5.0,20.0,5.0,20.0,5.0,19.5,25.0,25,23.5,23,25.0,26.0,30.0,40.0,,1.0,Complete,,Complete,86.21794,B,29.0,43.5,90.83333,A,,13.0,,,,,,,,,,,,,,,4.0,,96.71428,73.84615,86.66666,1.0
,427.5,427.5,427.5,Needs Grading,4,4.0,20.0,3.5,19.0,5.0,18.0,4.5,19.0,5.0,20.0,4.5,18.0,23.0,21,25.0,,25.0,26.0,26.0,32.0,,,,,,88.46153000000001,B,30.0,45.0,85.9375,B,,15.0,,,,,,,,,,,,,,,15.0,,88.42857,64.61538,100.0,0.0
,457.5,457.5,457.5,4.5,3.5,4.0,20.0,5.0,18.0,5.0,16.0,4.5,20.0,5.0,20.0,5.0,19.5,21.0,20.5,24.0,22,25.0,33.0,33.0,37.0,0.0,2.0,,Complete,Complete,89.42307,B,27.0,44.0,90.20833,A,,15.0,,,,,,,,,,,,,,,6.0,,93.0,79.23076,100.0,2.0
,420.0,420.0,420.0,5,5,4.5,20.0,4.0,17.5,5.0,19.0,4.5,20.0,5.0,20.0,4.0,18.5,22.0,0,23.0,24,25.0,26.0,25.0,41.0,5.0,3.0,Complete,Complete,Complete,84.93589,B,21.0,43.0,87.70833,B,,11.0,,,,,,,,,,,,,,,2.0,,85.71428,70.76923000000001,73.33333,8.0
,434.5,434.5,434.5,3.5,5,3.5,20.0,5.0,18.0,0.0,0.0,5.0,18.5,5.0,20.0,4.5,20.0,24.0,20,23.0,23,25.0,32.0,28.0,39.0,,,,,Complete,74.67948,C,26.5,45.0,89.27083,A,,15.0,,,,,,,,,,,,,,,6.0,,87.42857,76.15384,100.0,0.0
,403.5,403.5,403.5,5,5,5.0,19.0,3.0,19.0,5.0,18.5,0.0,0.0,5.0,19.0,5.0,20.0,20.25,22.25,25.0,23.25,25.0,23.0,25.0,34.0,,1.0,,Complete,,65.70512,D,26.0,42.25,82.1875,B,,9.0,,,,,,,,,,,,,,,0.0,,86.42857,63.076919999999994,60.0,1.0
,448.0,448.0,448.0,5,5,4.5,20.0,5.0,16.0,5.0,17.5,5.0,18.0,5.0,15.5,4.5,19.0,24.5,25,24.0,23,25.0,27.0,32.0,43.0,,2.0,Complete,Complete,Complete,85.89743,B,29.5,44.0,91.35416,A,,,,,,,,,,,,,,,,,6.0,,94.28571,78.46153000000001,0.0,2.0
,446.5,446.5,446.5,5,5,4.5,18.5,4.0,19.5,5.0,20.0,5.0,20.0,5.0,18.5,24.5,19.0,25.0,24.5,23.0,4,25.0,23.0,29.0,42.0,0.0,2.0,Complete,Complete,In Progress,86.53846,B,28.0,44.0,90.3125,A,,,,0.5,,,0.5,,,,0.5,,,,,,4.0,,96.28571,72.30769000000001,0.0,2.0
,10.0,10.0,10.0,4.5,3.5,,,,,,,,,,,,,,,,,,,,,,,,,,6.41025,F,,,,,,,,,,,,,,,,,,,,,2.0,,0.0,0.0,0.0,0.0
,434.5,434.5,434.5,4,5,5.0,18.0,5.0,20.0,5.0,17.0,5.0,19.0,4.0,20.0,4.5,19.0,,25,25.0,25,25.0,30.0,39.0,41.0,,,,,Complete,91.02564,A,20.0,45.0,92.39583,A,,,,0.5,0.5,0.5,0.5,0.0,,0.0,0.5,0.5,0.0,0.0,,,6.0,,87.57141999999999,84.61538,0.0,0.0
,391.0,391.0,391.0,4.5,5,5.0,20.0,5.0,14.0,5.0,18.0,5.0,19.0,5.0,20.0,0.0,0.0,,,23.0,25,25.0,35.0,37.0,45.0,,,,,,90.70512,A,25.5,44.0,83.54166,B,,,,,,,,,,,,,,,,,6.0,,73.85714,90.0,0.0,0.0
,443.5,443.5,443.5,5,4,5.0,20.0,5.0,18.0,5.0,15.5,5.0,18.0,4.0,18.0,3.5,19.5,21.5,22.5,23.5,22,25.0,27.0,25.0,32.0,,1.0,Complete,,Complete,91.34615,B,25.0,44.5,85.20833,B,,15.0,,,,,,,,,,,,,,,15.0,,91.57141999999999,64.61538,100.0,1.0
,445.5,445.5,445.5,4.5,4.5,5.0,20.0,3.0,18.0,5.0,18.0,4.0,19.0,3.0,20.0,4.5,20.0,22.0,20.5,0.0,23,25.0,37.0,32.0,43.0,,1.0,Complete,,,92.30769000000001,A,29.5,44.0,91.77083,A,,15.0,,,,,,,,,,,,,,,6.0,,86.71428,86.15384,100.0,1.0
,498.5,498.5,498.5,4.5,5,5.0,20.0,5.0,18.0,5.0,20.0,5.0,19.0,5.0,20.0,5.0,20.0,25.0,25,25.0,24,25.0,34.0,38.0,50.0,,2.0,Complete,Needs Grading,Complete,93.91025,A,30.0,45.0,97.8125,A,,15.0,,,,,,,,,,,,,,,6.0,,98.85714,93.84615,100.0,2.0
,466.5,466.5,466.5,4.5,5,0.0,19.0,3.0,16.0,5.0,19.5,5.0,20.0,0.0,19.0,5.0,20.0,23.0,22.75,25.0,24.5,25.0,33.0,35.0,44.0,,1.0,,Complete,Complete,87.17948,B,27.5,44.75,92.1875,A,,15.0,,,,,,,,,,,,,,,6.0,,92.57141999999999,86.15384,100.0,1.0
,429.75,429.75,429.75,4.5,4,4.5,20.0,5.0,19.0,5.0,17.0,5.0,15.0,5.0,20.0,5.0,19.0,24.0,23.5,24.0,24,,33.0,36.0,45.0,,,,,Complete,87.82051,B,23.75,43.5,91.40625,A,,,,0.0,,,,,,,,,,,,,5.0,,86.35714,87.6923,0.0,0.0
,449.0,449.0,449.0,3.5,5,5.0,20.0,4.0,17.0,4.5,18.0,4.5,20.0,5.0,20.0,4.5,18.5,24.5,24.5,23.0,0,25.0,32.0,35.0,42.0,0.0,3.0,Complete,Complete,Complete,89.42307,B,28.5,44.0,92.91666,A,,15.0,,,,,,,,,,,,,,,6.0,,88.71428,83.84615,100.0,3.0
,371.0,371.0,371.0,5,5,3.5,18.5,4.0,16.0,3.0,20.0,5.0,19.0,4.5,19.0,4.5,19.0,0.0,25,23.0,20,25.0,23.0,18.0,28.0,0.0,1.0,Complete,,Complete,80.76923000000001,B,16.0,43.0,79.375,B,,,,,,,,,,,,,,,,,4.0,,82.28571,53.076919999999994,0.0,1.0
,371.0,371.0,371.0,4,5,5.0,20.0,5.0,19.0,5.0,18.0,5.0,20.0,5.0,20.0,4.5,19.5,,,,,25.0,32.0,33.0,48.0,,1.0,Complete,,Complete,91.66666,A,30.0,43.0,79.375,B,,,,,,,,,,,,,,,,,5.0,,69.71428,86.92307,0.0,1.0
,380.5,380.5,380.5,0,0,3.5,20.0,5.0,18.0,5.0,18.0,4.0,18.0,0.0,0.0,5.0,18.0,21.0,18,23.5,21,25.0,25.0,30.0,36.0,5.0,2.0,Complete,Complete,,74.67948,C,17.0,35.5,79.16666,B,,9.0,,,,,,0.0,,,,,,,,,0.0,,78.71428,70.0,60.0,7.0
,484.5,484.5,484.5,4,5,4.5,20.0,5.0,18.5,5.0,20.0,4.5,20.0,5.0,20.0,4.5,18.5,24.0,22.5,25.0,25,25.0,36.0,37.0,47.0,0.0,2.0,Complete,,Complete,93.91025,A,28.5,43.0,95.83333,A,,13.0,,,,,,,,,,,,,,,4.0,,96.71428,92.30769000000001,86.66666,2.0
,450.5,450.5,450.5,4.5,5,5.0,20.0,4.0,17.0,5.0,19.0,5.0,20.0,5.0,20.0,4.5,17.5,23.0,24,23.0,25,25.0,30.0,24.0,45.0,,1.0,,Complete,,90.0641,A,29.0,45.0,91.5625,A,,,,,,,,,,,,,,,,,6.0,,96.0,76.15384,0.0,1.0
,229.5,229.5,229.5,4.5,4.5,5.0,20.0,5.0,20.0,5.0,17.5,3.0,20.0,4.0,18.0,0.0,0.0,,,,,,28.0,22.0,,,,,,,94.55128,B,23.0,,44.6875,F,3/4/20,15.0,,,,,,,,,,,,,,,15.0,,40.14285,38.461529999999996,100.0,0.0
,475.5,475.5,475.5,5,4,4.5,19.0,3.0,19.0,4.0,18.0,5.0,19.5,5.0,19.5,5.0,19.5,24.75,23,24.5,23.75,25.0,34.0,32.0,44.0,,1.0,,Complete,Complete,90.38461,A,30.0,43.5,93.4375,A,,15.0,,,,,,,,,,,,,,,6.0,,95.85714,84.61538,100.0,1.0
,434.0,434.0,434.0,5,4.5,5.0,20.0,5.0,16.0,5.0,16.5,5.0,17.5,4.0,20.0,4.5,20.0,23.5,23,25.0,17,25.0,26.0,28.0,38.0,,2.0,Complete,Complete,Complete,84.29486999999999,B,30.0,44.5,89.16666,B,,,,,,,,,,,,,,,,,6.0,,93.28571,70.76923000000001,0.0,2.0
,430.5,430.5,430.5,4,5,5.0,19.0,3.0,18.0,5.0,17.0,5.0,20.0,5.0,18.0,5.0,20.0,24.0,24,22.5,22.5,,29.0,37.0,44.0,,1.0,Complete,,Complete,86.53846,B,30.0,43.5,91.77083,A,,,,,,,,,,,,,,,,,5.0,,87.57141999999999,84.61538,0.0,1.0
,430.5,430.5,430.5,3.5,2.5,4.5,19.0,5.0,20.0,4.0,15.5,5.0,19.0,5.0,18.0,4.0,19.0,21.0,23,24.0,24.5,25.0,29.0,28.0,36.0,,,,,,84.61538,B,26.5,44.5,87.5,B,,,,,,,,,,,,,,,,,5.0,,93.28571,71.53846,0.0,0.0
,456.0,456.0,456.0,4.5,5,5.0,20.0,4.0,17.0,2.0,20.0,5.0,18.5,5.0,18.5,5.0,18.5,25.0,25,25.0,25,25.0,30.0,28.0,45.0,0.0,1.0,Complete,,Complete,87.82051,B,29.0,45.0,92.70833,A,,,,,,,,,,,,,,,,,6.0,,96.42857,79.23076,0.0,1.0
,337.0,337.0,337.0,4.5,5,5.0,18.0,3.0,19.0,5.0,17.0,0.0,0.0,0.0,0.0,0.0,9.0,24.5,0,23.5,0,25.0,29.0,31.0,43.0,,1.0,Complete,,,67.6282,D,26.0,40.5,70.41666,C,,9.0,,,,,,,,,,,,,,,0.0,,61.571419999999996,79.23076,60.0,1.0
,328.0,328.0,328.0,,,,,1.0,17.0,5.0,16.5,0.0,0.0,3.0,17.5,3.0,18.0,21.5,22.5,21.0,20.5,24.0,21.0,21.0,36.0,,,,,,41.98717,F,14.0,40.5,70.20833,C,,,,,,,,,,,,,,,,,5.0,,70.0,60.0,0.0,0.0
,337.5,337.5,337.5,5,5,4.5,20.0,3.0,20.0,5.0,16.5,0.0,0.0,5.0,20.0,4.5,19.0,0.0,0,0.0,0,25.0,19.0,34.0,42.0,0.0,2.0,Complete,Complete,,64.74358000000001,D,30.0,45.0,70.10416,C,,12.0,0.0,,,,,,,,,,,,,,3.0,,62.14285,73.07692,80.0,2.0
,303.5,303.5,303.5,0,5,4.5,19.0,5.0,18.0,0.0,0.0,0.0,19.5,,,0.0,0.0,0.0,0,20.0,17.75,25.0,28.0,33.0,44.0,,,,,,67.30769000000001,D,,43.75,61.97916,D,,15.0,,,,,,,,,,,,,,,6.0,,49.285709999999995,80.76923000000001,100.0,0.0
,490.75,490.75,490.75,4.5,5,5.0,19.0,5.0,18.0,5.0,19.5,5.0,19.5,5.0,20.0,5.0,20.0,23.5,25,25.0,24,25.0,34.0,34.0,49.0,,1.0,Complete,Complete,,93.26923000000001,A,30.0,44.75,96.40625,A,,15.0,,,,,,,,,,,,,,,6.0,,98.07141999999999,90.0,100.0,1.0
,480.0,480.0,480.0,5,4,5.0,20.0,3.0,19.0,5.0,18.0,5.0,20.0,5.0,20.0,4.5,20.0,25.0,25,25.0,23.5,25.0,28.0,36.0,43.0,0.0,2.0,Complete,Complete,Complete,88.46153000000001,B,30.0,45.0,94.375,A,,15.0,0.0,,,,,,,,,,,,,,6.0,,98.0,82.30769000000001,100.0,2.0
,480.5,480.5,480.5,5,5,5.0,20.0,3.0,20.0,4.0,19.0,5.0,20.0,5.0,20.0,4.0,20.0,25.0,24,23.0,24,25.0,30.0,34.0,46.0,,2.0,Complete,Complete,Complete,91.34615,A,30.0,42.5,93.85416,A,,15.0,0.5,0.5,0.0,,,,,,,,,,,,6.0,,96.71428,84.61538,100.0,2.5
,244.0,244.0,244.0,4.5,5,4.0,20.0,5.0,19.5,4.0,20.0,0.0,20.0,4.0,19.0,0.0,0.0,0.0,0,0.0,0,0.0,26.0,29.0,31.0,0.0,1.0,,Complete,,85.25641,B,28.0,0.0,63.333330000000004,D,,,,,,,,,,,,,,,,,5.0,,41.0,66.15384,0.0,1.0
,437.75,437.75,437.75,5,5,4.5,19.0,3.0,18.0,4.0,17.5,5.0,20.0,5.0,18.0,5.0,19.0,23.0,23,24.0,23.5,25.0,27.0,29.0,42.0,,1.0,,Complete,,85.25641,B,12.0,42.25,85.98958,B,,14.0,,,,,,,,,,,,,,,5.0,,88.78571,75.38461,93.33333,1.0
,366.0,366.0,366.0,4,4.5,5.0,20.0,5.0,18.0,5.0,19.0,0.0,0.0,0.0,10.0,4.0,18.5,21.0,18,20.0,0,0.0,23.0,33.0,47.0,0.0,1.0,,,Complete,70.1923,D,26.0,44.0,75.20833,C,,15.0,,,,,,,,,,,,,,,6.0,,66.71428,79.23076,100.0,1.0
,437.0,437.0,437.0,4.5,5,5.0,17.0,3.0,13.0,5.0,16.5,5.0,19.0,5.0,17.0,4.0,20.0,22.5,24,23.5,24,25.0,25.0,25.0,45.0,5.0,1.0,Complete,,Complete,78.84615,C,30.0,44.0,89.79166,A,,,,,,,,,,,,,,,,,5.0,,92.14285,73.07692,0.0,6.0
,401.0,401.0,401.0,,,5.0,19.0,5.0,18.0,0.0,0.0,5.0,20.0,5.0,17.0,4.5,19.0,20.5,24.5,24.0,21.5,25.0,27.0,24.0,40.0,,,,,,67.30769000000001,D,29.0,42.0,85.41666,B,,,,,,,,,,,,,,,,,6.0,,86.85714,70.0,0.0,0.0
,495.75,495.75,495.75,5,4.5,4.5,19.0,3.0,18.0,5.0,18.5,5.0,19.5,5.0,19.0,5.0,20.0,25.0,24.5,24.0,23.5,25.0,34.0,36.0,43.0,,1.0,Complete,,Complete,93.58974,A,28.5,44.75,95.67708,A,,15.0,5.0,0.5,0.5,0.0,0.5,0.5,0.5,0.5,0.5,0.5,0.5,5.0,0.5,0.5,6.0,,96.21428,86.92307,100.0,6.0
,351.5,351.5,351.5,4.5,4.5,5.0,19.0,5.0,16.0,4.0,18.5,4.0,19.0,5.0,20.0,4.5,19.0,0.0,15,24.0,19.5,0.0,26.0,15.0,27.0,0.0,1.0,,Complete,,84.29486999999999,B,30.0,41.0,75.3125,C,,,,0.0,,,,,,,,,,,,,6.0,,76.71428,52.30769,0.0,1.0
,391.5,391.5,391.5,,,4.0,19.0,5.0,19.0,5.0,20.0,5.0,18.0,5.0,18.0,5.0,17.5,21.0,23,24.0,22,0.0,24.0,25.0,33.0,0.0,2.0,Complete,Complete,Complete,80.1282,B,29.0,44.0,83.85416,B,,,,,,,,,,,,,,,,,6.0,,86.71428,63.076919999999994,0.0,2.0
,431.5,431.5,431.5,0,0,4.0,18.0,4.0,19.5,4.0,19.5,4.0,18.5,5.0,20.0,5.0,20.0,23.0,21,22.0,20,25.0,26.0,29.0,44.0,0.0,1.0,Complete,,Complete,79.16666,C,30.0,44.0,87.8125,B,,,,,,,,,,,,,,,,,6.0,,93.28571,76.15384,0.0,1.0
,440.5,440.5,440.5,5,5,5.0,20.0,5.0,20.0,5.0,18.5,5.0,18.5,5.0,19.0,4.5,19.0,25.0,25,25.0,23,25.0,28.0,26.0,36.0,0.0,0.0,,,,89.10256,B,25.0,44.0,88.85416,A,,,,,,,,,,,,,,,,,4.0,,96.14285,69.23076,0.0,0.0
,500.5,500.5,500.5,5,5,5.0,19.0,5.0,18.0,5.0,18.5,5.0,19.5,5.0,19.0,5.0,20.0,24.5,24.5,24.5,24,25.0,38.0,34.0,48.0,,1.0,Complete,,,98.07692,A,29.0,45.0,97.60416,A,,15.0,5.0,0.5,0.0,0.5,0.5,0.0,0.5,0.5,0.5,0.5,0.5,0.0,0.0,0.0,6.0,,97.28571,92.30769000000001,100.0,6.0
,424.0,424.0,424.0,5,4.5,5.0,16.0,3.0,13.0,4.0,16.5,5.0,18.0,5.0,19.0,4.5,19.0,22.5,23.5,24.0,23,25.0,22.0,29.0,42.0,,,,,Complete,75.64102,C,25.0,44.5,86.875,B,,,,,,,,,,,,,,,,,6.0,,90.14285,71.53846,0.0,0.0
,443.5,443.5,443.5,5,4.5,4.0,20.0,4.0,17.0,4.5,19.0,4.0,20.0,4.0,20.0,4.0,18.5,22.0,21,24.5,24,25.0,28.0,28.0,42.0,0.0,1.0,Complete,,Complete,85.25641,B,24.5,41.0,87.8125,B,,12.0,,,,,,,,,,,,,,,3.0,,91.71428,75.38461,80.0,1.0
,397.0,397.0,397.0,4,5,5.0,20.0,5.0,17.0,5.0,20.0,5.0,20.0,5.0,20.0,5.0,20.0,,22,25.0,,25.0,30.0,30.0,39.0,,2.0,Complete,Complete,,88.46153000000001,C,26.0,42.0,84.375,B,,,,,,,,,,,,,,,,,2.0,,82.0,76.15384,0.0,2.0
,218.0,218.0,218.0,4.5,5,5.0,19.0,2.0,18.0,2.0,16.5,5.0,20.0,4.0,19.0,,,,,,,,36.0,26.0,,,,,,,89.10256,B,30.0,,47.29166,F,4/5/20,,,,,,,,,,,,,,,,6.0,,40.14285,47.6923,0.0,0.0
,434.0,434.0,434.0,4,4.5,0.0,0.0,3.0,18.0,3.0,20.0,5.0,16.0,5.0,18.5,5.0,20.0,25.0,24.5,24.0,22,25.0,26.0,33.0,45.0,,,,,,65.0641,D,30.0,44.5,90.0,A,,11.0,,,,,,,,,,,,,,,2.0,,88.14285,80.0,73.33333,0.0
,472.0,472.0,472.0,4.5,5,4.5,20.0,4.0,15.5,2.5,18.0,4.5,20.0,4.0,20.0,5.0,18.5,23.5,23.5,23.0,24,25.0,34.0,34.0,50.0,0.0,2.0,Complete,,Complete,88.78205,B,24.0,44.0,93.4375,A,,15.0,,,,,,,,,,,,,,,6.0,,92.42857,90.76923000000001,100.0,2.0
,360.0,360.0,360.0,4,4.5,5.0,20.0,3.0,19.0,5.0,18.0,4.0,18.0,4.0,16.0,4.0,17.0,0.0,0,0.0,18.5,24.0,30.0,29.0,41.0,,1.0,,Complete,,86.21794,B,17.5,41.5,74.375,C,,13.0,,,,,,,,,,,,,,,4.0,,67.0,76.92307,86.66666,1.0
,406.0,406.0,406.0,5,5,5.0,19.0,0.0,0.0,0.0,0.0,5.0,19.5,5.0,19.0,5.0,20.0,19.5,24.5,24.75,20.5,25.0,27.0,29.0,42.0,,,,,,55.76923000000001,F,29.5,44.75,83.22916,B,,10.0,0.5,,,,,0.0,0.0,,0.5,,,,,,1.0,,81.71428,75.38461,66.66666,0.5
,422.0,422.0,422.0,5,4.5,4.5,18.5,3.0,15.5,3.0,19.0,5.0,17.0,5.0,18.5,4.5,19.0,24.0,22,23.0,19,25.0,24.0,23.0,39.0,0.0,0.0,,,,80.1282,B,30.0,45.0,85.9375,B,,,,,,,,,,,,,,,,,6.0,,91.57141999999999,66.15384,0.0,0.0
,386.5,386.5,386.5,3,4,4.0,20.0,4.0,18.0,3.0,17.0,2.0,20.0,2.0,18.5,2.0,17.0,23.0,22,24.0,23,5.0,26.0,21.0,30.0,0.0,0.0,,,,78.20512,C,22.0,45.0,79.27083,B,,10.0,0.0,,,,,,,,,,,,,,1.0,,83.28571,59.23076,66.66666,0.0
,484.0,484.0,484.0,4.5,5,4.5,20.0,5.0,18.0,5.0,18.5,5.0,20.0,5.0,20.0,4.5,18.5,24.0,25,25.0,24,25.0,29.0,36.0,43.0,5.0,3.0,Complete,Complete,Complete,90.0641,B,28.5,45.0,95.41666,A,,15.0,,,,,,,,,,,,,,,6.0,,97.28571,83.07692,100.0,8.0
,469.5,469.5,469.5,5,4.5,5.0,18.5,4.0,19.5,5.0,20.0,5.0,19.0,5.0,19.5,4.5,19.0,25.0,25,25.0,23,25.0,31.0,34.0,45.0,0.0,1.0,Complete,,Complete,92.30769000000001,A,29.0,45.0,95.10416,A,,,,0.5,0.5,0.5,0.5,0.5,,0.5,,,0.0,0.5,0.0,0.5,5.0,,97.42857,84.61538,0.0,1.0
,452.0,452.0,452.0,4.5,5,5.0,20.0,5.0,20.0,4.0,16.0,5.0,20.0,5.0,20.0,4.5,19.0,25.0,23.5,24.5,24,25.0,20.0,26.0,35.0,0.0,0.0,,,Complete,83.65384,B,30.0,45.0,88.75,A,,15.0,0.0,,,,,,,,,,,,,,6.0,,97.28571,62.30769,100.0,0.0
,460.5,460.5,460.5,,,5.0,19.0,5.0,20.0,5.0,17.0,5.0,19.5,5.0,19.5,5.0,19.5,25.0,24,23.5,23.75,25.0,28.0,35.0,40.0,,,,,,83.01281999999999,B,29.0,41.75,90.10416,A,,15.0,,,,,,,,,,,,,,,6.0,,96.14285,79.23076,100.0,0.0
,490.0,490.0,490.0,5,4.5,5.0,20.0,5.0,20.0,4.0,19.0,5.0,20.0,5.0,20.0,4.5,20.0,22.0,25,25.0,25,25.0,34.0,34.0,45.0,0.0,1.0,Complete,,Complete,95.1923,A,30.0,45.0,96.25,A,,15.0,1.0,0.5,0.5,,,,,,,,,,,,6.0,,98.42857,86.92307,100.0,2.0
,418.0,418.0,418.0,4.5,4.5,4.0,19.0,3.0,17.0,5.0,17.0,5.0,18.0,5.0,20.0,4.0,20.0,22.5,21,24.0,23,25.0,19.0,29.0,39.0,,2.0,Complete,Complete,Complete,75.64102,C,24.0,43.5,85.20833,B,,,,,,,,,,,,,,,,,2.0,,91.42857,66.92307,0.0,2.0
,489.0,489.0,489.0,5,5,4.5,20.0,5.0,20.0,3.0,18.5,4.5,20.0,5.0,20.0,5.0,19.5,25.0,22,24.0,25,25.0,38.0,36.0,46.0,0.0,2.0,Complete,,Complete,95.83333,A,28.0,44.0,96.5625,A,,15.0,,,,,,,,,,,,,,,6.0,,96.57141999999999,92.30769000000001,100.0,2.0
,379.0,379.0,379.0,5,5,5.0,20.0,3.0,18.0,4.0,17.0,0.0,0.0,3.0,20.0,5.0,17.5,22.0,21.5,24.5,0,24.5,27.0,24.0,38.0,,1.0,Complete,,Complete,70.51281999999999,C,12.0,42.0,77.91666,C,,15.0,,,,,,,,,,,,,,,6.0,,74.0,68.46153000000001,100.0,1.0
,365.0,365.0,365.0,4.5,5,4.5,20.0,3.0,17.0,5.0,20.0,5.0,18.0,4.0,20.0,5.0,10.0,24.0,25,23.5,21,0.0,20.0,23.0,0.0,,2.0,Complete,Complete,Complete,79.48716999999999,C,30.0,44.5,75.625,C,,11.0,,,,,,,,,,,,,,,2.0,,85.57141999999999,33.07692,73.33333,2.0
,291.0,291.0,291.0,3.5,4.5,4.5,20.0,0.0,0.0,5.0,18.0,5.0,18.0,5.0,16.0,4.5,17.0,4.0,0,0.0,In Progress,25.0,26.0,31.0,39.0,,1.0,,Complete,Complete,69.55128,D,28.0,0.0,60.0,D,,13.0,,,,,,,,,,,,,,,4.0,,48.57142,73.84615,86.66666,1.0
,396.0,396.0,396.0,4.5,5,5.0,20.0,4.0,20.0,5.0,20.0,5.0,20.0,5.0,20.0,4.5,20.0,25.0,5,25.0,,,34.0,32.0,39.0,,2.0,Complete,Complete,,93.91025,A,30.0,44.0,85.0,B,,,,,,,,,,,,,,,,,4.0,,79.28571,80.76923000000001,0.0,2.0
,457.0,457.0,457.0,4,4.5,5.0,20.0,5.0,19.0,4.0,16.0,4.5,20.0,3.0,20.0,5.0,20.0,25.0,0,23.0,24,25.0,36.0,37.0,44.0,,1.0,,Complete,Complete,92.30769000000001,A,27.5,44.5,94.16666,A,,15.0,,,,,,,,,,,,,,,6.0,,88.71428,90.0,100.0,1.0
,458.5,458.5,458.5,4.5,5,5.0,20.0,3.0,20.0,4.0,18.0,5.0,19.0,5.0,17.0,4.0,20.0,24.0,25,24.5,23.5,25.0,23.0,33.0,39.0,0.0,2.0,Complete,Complete,Complete,84.93589,B,26.0,45.0,90.10416,A,,15.0,0.0,,,,,,,,,,,,,,6.0,,95.14285,73.07692,100.0,2.0
,429.0,429.0,429.0,4.5,5,4.5,19.0,5.0,18.0,4.0,18.5,4.0,18.5,3.5,20.0,4.5,18.5,24.0,24,22.5,25,25.0,28.0,23.0,30.0,0.0,2.0,Complete,Complete,Complete,86.53846,B,29.0,45.0,86.97916,B,,,,,,,,,,,,,,,,,6.0,,95.0,62.30769,0.0,2.0
,380.5,380.5,380.5,,,4.5,18.0,5.0,16.5,0.0,0.0,5.0,19.0,4.0,18.5,5.0,19.0,22.0,24,21.0,22,25.0,19.0,25.0,42.0,0.0,1.0,,Complete,,58.333330000000004,F,22.0,40.0,81.35416,B,,,,,,,,,,,,,,,,,4.0,,83.0,66.15384,0.0,1.0
,446.5,446.5,446.5,4.5,5,5.0,20.0,3.0,20.0,5.0,16.0,2.5,18.5,4.0,20.0,4.0,20.0,23.0,24,23.0,23,25.0,22.0,29.0,41.0,,1.0,Complete,,Complete,82.6923,B,29.0,36.0,86.77083,B,,15.0,1.5,0.5,0.5,0.5,,,,,,,,,,,6.0,,91.71428,70.76923000000001,100.0,2.5
,462.5,462.5,462.5,5,5,4.0,20.0,3.0,19.0,5.0,17.0,5.0,19.0,5.0,20.0,4.0,19.0,24.0,24,23.5,25,25.0,25.0,29.0,40.0,0.0,2.0,Complete,Complete,Complete,84.61538,A,30.0,45.0,90.83333,A,,11.0,4.5,0.5,0.0,0.5,0.5,0.5,0.5,0.5,,,0.5,0.0,0.5,0.5,2.0,,96.14285,72.30769000000001,73.33333,6.5
,410.5,410.5,410.5,4.5,4.5,4.0,19.0,3.0,19.0,5.0,20.0,5.0,18.5,3.5,18.0,5.0,18.5,23.0,23,23.0,24,0.0,25.0,26.0,39.0,0.0,0.0,,,Complete,85.57692,B,29.0,45.0,87.39583,B,,,,,,,,,,,,,,,,,6.0,,87.28571,69.23076,0.0,0.0
,490.0,490.0,490.0,5,5,5.0,20.0,5.0,20.0,5.0,18.0,5.0,19.5,5.0,20.0,5.0,20.0,24.5,25,25.0,24,25.0,38.0,39.0,49.0,,2.0,Complete,Complete,Complete,98.39743,A,30.0,45.0,99.58333,A,,,,0.5,0.5,0.5,0.5,0.0,0.0,,0.5,0.5,,,,,5.0,,98.85714,96.92307,0.0,2.0
,435.0,435.0,435.0,4.5,5,4.0,20.0,5.0,18.0,5.0,19.0,0.0,0.0,5.0,19.0,5.0,20.0,24.0,24.5,24.5,23.5,25.0,24.0,33.0,44.0,0.0,1.0,,Complete,Complete,66.98716999999999,D,29.0,45.0,90.83333,A,,9.0,0.0,,,,,,,,,,,,,,0.0,,90.14285,77.6923,60.0,1.0
,423.0,423.0,423.0,0,0,4.5,20.0,4.0,17.0,5.0,16.0,3.5,19.5,5.0,20.0,4.5,18.5,21.0,22,23.0,23.5,25.0,29.0,22.0,31.0,0.0,2.0,,Complete,Complete,79.80769000000001,C,26.0,42.0,82.91666,B,,15.0,,,,,,,,,,,,,,,6.0,,91.42857,63.076919999999994,100.0,2.0
,203.5,203.5,203.5,2.5,3,4.5,19.0,3.0,16.0,5.0,16.5,5.0,19.5,5.0,18.0,0.0,0.0,0.0,0,0.0,0,0.0,27.0,21.0,,,1.0,Complete,,In Progress,77.5641,C,29.5,0.0,42.60416,F,technically: 6 March 2020,9.0,,,,,,,,,,,,,,,0.0,,40.285709999999995,36.92307,60.0,1.0
,303.5,303.5,303.5,,3.5,4.0,20.0,3.0,18.0,5.0,20.0,5.0,19.5,5.0,19.0,0.0,0.0,25.0,25,0.0,0,0.0,24.0,29.0,0.0,,,,,,79.48716999999999,C,25.0,40.5,62.708330000000004,D,,11.0,,,,,,,,,,,,,,,2.0,,66.85714,40.76923,73.33333,0.0
,486.0,486.0,486.0,5,5,5.0,20.0,3.0,19.0,5.0,19.0,5.0,20.0,4.0,20.0,4.0,19.0,25.0,25,24.0,25,25.0,27.0,39.0,45.0,0.0,1.0,Complete,,,89.42307,B,30.0,45.0,95.41666,A,,15.0,1.0,,,,,0.5,,0.5,,,0.0,0.0,0.0,0.0,6.0,,97.71428,85.38461,100.0,2.0
,420.0,420.0,420.0,4,5,3.5,0.0,4.0,20.0,0.0,20.0,5.0,18.5,4.0,19.0,5.0,19.0,22.0,25,24.0,24,25.0,30.0,32.0,40.0,0.0,0.0,,,Complete,70.51281999999999,F,26.0,45.0,88.64583,A,,,,,,,,,,,,,,,,,0.0,,88.28571,78.46153000000001,0.0,0.0
,463.0,463.0,463.0,3.5,5,4.5,19.0,5.0,19.0,5.0,18.5,5.0,20.0,5.0,20.0,5.0,20.0,24.0,24,24.0,24.5,25.0,30.0,34.0,42.0,0.0,0.0,,,Complete,90.0641,A,30.0,45.0,93.4375,A,,,,,,,,,,,,,,,,,6.0,,97.85714,81.53846,0.0,0.0
,427.0,427.0,427.0,,,4.5,20.0,3.0,20.0,5.0,19.0,5.0,18.0,4.0,19.5,4.5,20.0,25.0,25,23.5,15,25.0,25.0,24.0,38.0,,,,,,77.24358000000001,C,29.5,43.5,85.625,B,,10.0,,,,,,,,,,,,,,,1.0,,94.0,66.92307,66.66666,0.0
,313.0,313.0,313.0,4.5,4.5,,,,,5.0,19.0,4.0,19.0,,,4.0,19.0,22.5,22.5,,23.5,,31.0,32.0,41.0,,,,,Complete,61.53846,F,0.0,43.5,63.333330000000004,D,,9.0,,,,,,,,,,,,,,,9.0,,52.0,80.0,60.0,0.0
,279.0,279.0,279.0,5,5,5.0,20.0,5.0,20.0,4.0,19.0,5.0,20.0,0.0,0.0,0.0,0.0,24.0,0,0.0,0,25.0,33.0,5.0,45.0,0.0,1.0,Complete,,Complete,93.58974,A,20.0,0.0,57.29166,F,5-May,14.0,0.0,,,,,,,,,,,,,,5.0,,47.71428,63.84615,93.33333,1.0
,296.5,296.5,296.5,4,5,3.5,19.5,5.0,18.5,4.0,20.0,0.0,0.0,0.0,0.0,0.0,0.0,22.0,22,24.0,20,25.0,25.0,26.0,38.0,5.0,1.0,Complete,,,66.98716999999999,D,0.0,10.0,63.85416,D,,,,,,0.0,0.0,,,,,,,0.0,,,0.0,,55.285709999999995,68.46153000000001,0.0,6.0
,417.0,417.0,417.0,5,5,5.0,20.0,5.0,20.0,5.0,19.0,3.5,18.0,5.0,20.0,5.0,20.0,23.0,0,23.0,21,0.0,33.0,28.0,41.0,,,,,,92.6282,A,28.0,43.5,85.625,B,,15.0,,,,,,,,,,,,,,,6.0,,81.14285,78.46153000000001,100.0,0.0
,418.75,418.75,418.75,4.5,4,4.5,20.0,5.0,17.0,5.0,14.5,5.0,20.0,0.0,19.0,0.0,0.0,23.75,22.5,25.0,22.75,25.0,27.0,33.0,41.0,,,,,Complete,83.65384,B,30.0,33.25,86.40625,B,,13.0,,,,,,,,,,,,,,,4.0,,83.5,77.6923,86.66666,0.0
,477.5,477.5,477.5,5,5,5.0,20.0,5.0,20.0,5.0,17.0,5.0,20.0,5.0,15.0,4.0,19.0,25.0,25,24.5,24,25.0,30.0,33.0,45.0,0.0,2.0,Complete,Complete,Complete,91.66666,A,30.0,45.0,95.10416,A,,15.0,0.0,,,,,,,,,,,,,,6.0,,96.71428,83.07692,100.0,2.0
,482.5,482.5,482.5,5,5,4.5,19.5,5.0,16.0,5.0,19.0,5.0,18.5,3.5,20.0,4.5,18.5,24.0,22,25.0,24.5,25.0,37.0,39.0,47.0,0.0,3.0,Complete,Complete,Complete,93.26923000000001,A,25.0,44.0,95.3125,A,,15.0,,,,,,,,,,,,,,,6.0,,93.85714,94.61538,100.0,3.0
,450.5,450.5,450.5,4.5,5,4.5,19.0,5.0,20.0,4.0,19.0,5.0,20.0,5.0,20.0,5.0,20.0,25.0,24,22.5,22,25.0,22.0,24.0,36.0,,1.0,,Complete,Complete,85.89743,B,30.0,43.0,88.02083,B,,15.0,,,,,,,,,,,,,,,6.0,,96.57141999999999,63.076919999999994,100.0,1.0
,444.5,444.5,444.5,4.5,5,4.0,20.0,5.0,19.0,5.0,19.0,5.0,17.0,4.0,20.0,5.0,19.0,19.0,25,23.0,25,25.0,34.0,32.0,43.0,,,,,Complete,91.98716999999999,A,20.0,41.0,90.52083,A,,,,,,,,,,,,,,,,,6.0,,91.42857,83.84615,0.0,0.0
,456.5,456.5,456.5,4,4.5,5.0,20.0,4.0,18.0,3.0,17.0,5.0,20.0,5.0,20.0,4.0,19.0,25.0,23.5,24.5,25,25.0,25.0,25.0,42.0,5.0,1.0,Complete,,Complete,82.37179,B,28.0,45.0,89.47916,A,,12.0,0.0,,,,,,,,,,,,,,3.0,,96.0,70.76923000000001,80.0,6.0
,416.75,416.75,416.75,5,5,5.0,20.0,5.0,19.0,5.0,16.5,5.0,19.5,5.0,19.0,5.0,0.0,24.75,21,0.0,23.5,25.0,35.0,28.0,36.0,,1.0,,Complete,,91.66666,A,30.0,44.5,86.40625,B,,12.0,,,,,,,,,,,,,,,3.0,,83.64285,76.15384,80.0,1.0
,500.0,500.0,500.0,4.5,5,5.0,20.0,5.0,17.0,5.0,19.5,5.0,20.0,4.0,17.0,5.0,20.0,25.0,25,23.0,24,25.0,33.0,40.0,48.0,,1.0,Complete,,Complete,98.71794,A,30.0,45.0,96.875,A,,15.0,,,,,,,,,,,,,,,15.0,,97.0,93.07692,100.0,1.0
,49.0,49.0,49.0,5,4,0.0,0.0,0.0,0.0,0.0,0.0,0.0,0.0,0.0,0.0,0.0,0.0,,,,,,19.0,21.0,,,,,,,17.948710000000002,F,0.0,,17.08333,F,,,,,,,,,,,,,,,,,0.0,,0.0,30.76923,0.0,0.0
,335.5,335.5,335.5,0,0,4.5,20.0,4.0,16.0,2.0,18.5,3.5,19.0,3.0,20.0,4.0,18.5,0.0,0,0.0,23.5,25.0,21.0,29.0,26.0,0.0,1.0,,,In Progress,70.83333,C,23.0,42.0,69.47916,C,,11.0,,,,,,,,,,,,,,,2.0,,70.42857,58.46153,73.33333,1.0
,431.0,431.0,431.0,4,4.5,5.0,20.0,3.0,18.0,5.0,20.0,5.0,20.0,4.0,20.0,5.0,20.0,24.0,24,22.5,21,0.0,24.0,31.0,41.0,,,,,,86.85897,B,26.0,41.0,88.125,B,,15.0,1.0,0.5,0.5,,,,,,,,,,,,6.0,,86.71428,73.84615,100.0,1.0
,339.0,339.0,339.0,5,4.5,4.0,20.0,5.0,16.5,5.0,17.5,0.0,0.0,5.0,20.0,4.5,16.5,0.0,0,23.0,0,25.0,28.0,22.0,36.0,0.0,2.0,Complete,Complete,,68.91025,D,26.5,42.0,70.41666,C,,11.0,,,,,,,,,,,,,,,2.0,,65.85714,66.15384,73.33333,2.0
,347.5,347.5,347.5,4.5,5,5.0,19.0,5.0,19.0,5.0,15.0,5.0,16.0,3.0,15.0,0.0,6.5,18.5,0,24.5,0,25.0,26.0,26.0,28.0,,1.0,Complete,,Complete,80.44870999999999,B,26.5,39.0,72.39583,C,,10.0,,,,,,,,,,,,,,,1.0,,70.57141999999999,61.53846,66.66666,1.0
,425.5,425.5,425.5,4.5,4.5,4.5,20.0,5.0,15.0,4.5,15.5,4.5,20.0,5.0,20.0,4.0,18.5,22.0,23.5,22.0,24.5,25.0,20.0,22.0,27.0,5.0,3.0,Complete,Complete,Complete,79.48716999999999,C,27.0,41.0,83.85416,B,,15.0,,,,,,,,,,,,,,,6.0,,91.85714,53.076919999999994,100.0,8.0
,292.0,292.0,292.0,3.5,5,5.0,19.0,1.0,17.0,4.0,20.0,0.0,0.0,0.0,0.0,,,,19,23.0,25,25.0,21.0,25.0,35.0,,2.0,Complete,Complete,Complete,63.78205,D,,40.5,63.125,D,,,,0.5,0.5,,,,,,,,,,,,3.0,,56.71428,62.30769,0.0,2.0
,451.0,451.0,451.0,4.5,5,4.5,20.0,3.0,20.0,3.0,20.0,5.0,20.0,5.0,17.0,0.0,0.0,23.0,25,25.0,23,25.0,27.0,30.0,43.0,5.0,2.0,Complete,Complete,Complete,89.10256,B,30.0,45.0,97.08333,A,,15.0,1.0,0.5,,,0.0,0.0,0.5,,,,,,,,6.0,,89.57141999999999,76.92307,100.0,8.0
,451.75,451.75,451.75,5,5,5.0,17.0,3.0,13.0,4.0,16.5,5.0,20.0,5.0,19.0,4.5,20.0,23.5,25,23.0,24.5,25.0,30.0,33.0,46.0,,2.0,Complete,Complete,,82.37179,B,29.75,45.0,93.07291,A,,,,,,,,,,,,,,,,,5.0,,93.64285,83.84615,0.0,2.0
,495.5,495.5,495.5,5,5,5.0,20.0,3.0,20.0,5.0,18.0,5.0,20.0,5.0,20.0,4.5,19.0,25.0,25,25.0,25,25.0,32.0,39.0,47.0,0.0,2.0,Complete,Complete,Complete,92.94870999999999,A,30.0,45.0,97.39583,A,,15.0,1.0,,0.5,0.5,,,,,,,,,,,6.0,,98.42857,90.76923000000001,100.0,3.0
,341.0,341.0,341.0,4.5,4.5,3.5,18.0,5.0,20.0,0.0,0.0,5.0,19.0,0.0,18.0,0.0,19.5,21.0,21.5,24.5,18.25,0.0,22.0,22.0,27.0,,,,,,65.70512,D,13.0,43.75,70.83333,C,,10.0,,,,,,,,,,,,,,,1.0,,71.42857,54.61538,66.66666,0.0
,479.0,479.0,479.0,5,5,4.5,20.0,4.0,20.0,4.0,19.5,5.0,20.0,5.0,17.5,4.5,19.0,25.0,24,24.0,25,25.0,31.0,29.0,43.0,5.0,1.0,Complete,,,92.30769000000001,A,29.0,45.0,94.0625,A,,15.0,0.0,,,,,,,,,,,,,,6.0,,97.14285,79.23076,100.0,6.0
,469.5,469.5,469.5,4.5,5,5.0,20.0,5.0,20.0,5.0,19.0,5.0,20.0,5.0,17.5,5.0,17.5,24.0,25,25.0,25,25.0,20.0,32.0,43.0,5.0,2.0,Complete,Complete,Complete,84.93589,B,30.0,45.0,92.70833,A,,13.0,0.0,,,,,,,,,,,,,,4.0,,98.0,73.07692,86.66666,7.0
,450.5,450.5,450.5,4.5,5,5.0,19.0,5.0,18.0,4.0,18.5,5.0,20.0,5.0,19.0,5.0,19.5,25.0,23,24.5,22.75,25.0,22.0,27.0,35.0,,,Complete,,Complete,84.61538,B,28.5,44.25,87.91666,B,,15.0,,,,,,,,,,,,,,,6.0,,96.0,64.61538,100.0,0.0
,439.5,439.5,439.5,5,5,5.0,20.0,4.0,19.0,4.0,20.0,5.0,19.0,4.5,18.0,4.0,19.0,5.0,24,24.0,18,25.0,32.0,33.0,49.0,0.0,0.0,,,Complete,92.30769000000001,A,27.0,45.0,92.39583,A,,,,,,,,,,,,,,,,,6.0,,88.42857,87.6923,0.0,0.0
,443.5,443.5,443.5,4,5,5.0,19.0,5.0,17.0,1.0,20.0,5.0,20.0,5.0,20.0,4.5,18.5,23.0,24,24.0,25,25.0,29.0,25.0,40.0,,1.0,Complete,,Complete,87.17948,B,29.5,44.0,90.10416,A,,,,,,,,,,,,,,,,,6.0,,95.57141999999999,72.30769000000001,0.0,1.0
,251.0,251.0,251.0,5,4.5,4.5,20.0,3.0,18.0,0.0,0.0,0.0,0.0,5.0,17.0,,,23.0,21,,,,22.0,26.0,32.0,,2.0,Complete,Complete,Complete,53.205119999999994,F,25.0,19.0,54.583330000000004,F,5/5/20,,,0.0,,,,,,,,,,,,,6.0,,44.42857,61.53846,0.0,2.0
,434.0,434.0,434.0,5,5,5.0,20.0,5.0,18.0,4.0,16.5,4.0,20.0,0.0,0.0,4.5,18.5,23.0,22,25.0,24,25.0,33.0,30.0,38.0,0.0,3.0,Complete,Complete,Complete,90.0641,B,28.5,41.0,89.58333,A,,14.0,,,,,,,,,,,,,,,5.0,,86.85714,77.6923,93.33333,3.0
,467.5,467.5,467.5,5,5,4.5,20.0,3.0,20.0,5.0,17.0,5.0,19.0,5.0,20.0,5.0,19.0,24.0,24.5,24.0,24,25.0,32.0,31.0,43.0,,1.0,,Complete,,89.42307,B,27.5,43.0,92.1875,A,,13.0,,,,,,,,,,,,,,,4.0,,95.57141999999999,81.53846,86.66666,1.0
,478.0,478.0,478.0,5,5,5.0,19.0,5.0,18.0,5.0,19.0,5.0,20.0,5.0,19.0,5.0,19.5,22.5,24,24.5,22,25.0,33.0,36.0,44.0,,,,,Complete,92.30769000000001,A,29.0,44.5,93.95833,A,,14.0,,,,,,,,,,,,,,,5.0,,96.0,86.92307,93.33333,0.0
,445.0,445.0,445.0,4.5,4.5,4.0,20.0,4.0,18.5,5.0,18.5,5.0,19.5,5.0,20.0,4.5,20.0,24.0,25,23.0,21,25.0,26.0,24.0,40.0,5.0,2.0,Complete,Complete,Complete,86.85897,B,29.0,44.0,90.625,A,,,,,,,,,,,,,,,,,6.0,,95.71428,69.23076,0.0,7.0
,388.5,388.5,388.5,4.5,5,4.5,18.0,3.0,19.0,4.0,17.0,5.0,18.0,3.0,19.0,0.0,0.0,24.5,0,24.0,25,25.0,26.0,24.0,37.0,,1.0,Complete,,,79.80769000000001,C,29.0,44.0,80.72916,B,,9.0,0.5,0.5,,,,,,,,,,,,,0.0,,80.57141999999999,66.92307,60.0,1.5
,423.0,423.0,423.0,,,5.0,20.0,3.0,18.0,5.0,15.5,5.0,20.0,5.0,19.0,4.5,19.0,23.0,24.5,25.0,21,,37.0,32.0,43.0,,1.0,Complete,,,86.21794,B,30.0,42.5,90.20833,A,,,,,,,,,,,,,,,,,6.0,,87.14285,86.15384,0.0,1.0
,516.5,516.5,516.5,5,5,5.0,20.0,5.0,20.0,5.0,20.0,4.5,20.0,5.0,20.0,4.5,19.0,25.0,25,24.5,25,25.0,40.0,39.0,46.0,,2.0,Complete,Complete,Complete,106.73076,A,30.0,45.0,99.16666,A,,15.0,2.0,0.5,0.0,,0.5,0.0,0.0,0.0,0.5,0.5,0.0,0.0,0.0,0.0,15.0,,99.28571,96.15384,100.0,4.0
,460.5,460.5,460.5,,4.5,4.0,19.0,3.0,19.0,5.0,18.5,5.0,20.0,5.0,19.5,5.0,19.5,20.0,22,24.75,23.75,25.0,32.0,32.0,41.0,,1.0,,Complete,,87.17948,B,28.5,43.5,90.72916,A,,15.0,,,,,,,,,,,,,,,6.0,,94.28571,80.76923000000001,100.0,1.0
,456.0,456.0,456.0,4.5,4,5.0,20.0,5.0,19.0,3.0,17.0,5.0,20.0,5.0,20.0,4.5,20.0,23.0,24,24.0,24,25.0,23.0,24.0,41.0,0.0,2.0,Complete,Complete,Complete,84.29486999999999,B,30.0,45.0,90.10416,A,,15.0,0.0,,,,,,,,,,,,,,6.0,,96.71428,67.6923,100.0,2.0
,465.0,465.0,465.0,4.5,5,5.0,19.0,4.0,19.0,4.0,20.0,5.0,20.0,4.0,20.0,4.5,20.0,18.0,23,25.0,24,25.0,33.0,33.0,49.0,0.0,2.0,Complete,Complete,Complete,92.6282,A,30.0,45.0,95.41666,A,,,,,,,,,,,,,,,,,6.0,,95.57141999999999,88.46153000000001,0.0,2.0
,438.0,438.0,438.0,5,5,4.0,20.0,5.0,19.0,5.0,19.5,0.0,20.0,5.0,20.0,4.5,19.0,22.0,22,24.0,0,25.0,31.0,31.0,42.0,0.0,3.0,Complete,Complete,Complete,89.42307,B,26.0,43.0,91.875,A,,15.0,,,,,,,,,,,,,,,6.0,,86.57141999999999,80.0,100.0,3.0
,442.0,442.0,442.0,5,5,3.5,16.0,3.0,13.0,4.0,18.0,4.5,20.0,4.0,19.0,4.5,20.0,23.0,23,23.0,23.5,25.0,30.0,31.0,44.0,5.0,2.0,Complete,Complete,Complete,82.05128,B,28.0,41.0,91.04166,A,,,,,0.0,0.0,,,,,,,,,,,6.0,,90.28571,80.76923000000001,0.0,7.0
,464.5,464.5,464.5,4.5,5,3.5,20.0,5.0,20.0,5.0,16.0,5.0,19.0,5.0,16.0,4.5,20.0,24.0,23.5,23.5,25,25.0,26.0,33.0,41.0,0.0,2.0,Complete,Complete,Complete,86.53846,B,29.0,45.0,91.5625,A,,15.0,0.0,,,,,,,,,,,,,,6.0,,95.42857,76.92307,100.0,2.0
,284.5,284.5,284.5,,,5.0,20.0,5.0,20.0,5.0,19.0,5.0,19.0,0.0,0.0,0.0,0.0,8.5,0,20.0,13,25.0,30.0,30.0,39.0,,1.0,Complete,,,85.89743,B,0.0,0.0,58.020830000000004,F,5-May-20,15.0,,,,,,,,,,,,,,,6.0,,47.0,76.15384,100.0,1.0
,488.5,488.5,488.5,4.5,5,5.0,20.0,1.0,19.0,4.0,17.0,4.0,18.0,5.0,20.0,4.5,19.0,25.0,25,23.5,25,25.0,36.0,38.0,45.0,5.0,1.0,Complete,,,89.74358000000001,B,29.0,44.0,96.45833,A,,14.0,1.5,0.5,0.5,0.5,,,,,,,,,,,5.0,,95.14285,91.53846,93.33333,7.5
,430.5,430.5,430.5,5,5,4.0,20.0,5.0,16.5,4.0,15.5,4.0,20.0,5.0,20.0,4.0,18.5,20.0,22,23.0,23,25.0,30.0,30.0,28.0,0.0,2.0,,Complete,Complete,86.53846,B,22.5,39.5,84.89583,B,,15.0,,,,,,,,,,,,,,,6.0,,89.0,67.6923,100.0,2.0
,461.0,461.0,461.0,4.5,5,5.0,20.0,4.0,19.0,5.0,17.5,4.5,20.0,4.0,20.0,4.0,18.5,22.0,21,24.0,24,24.0,30.0,28.0,42.0,5.0,2.0,Complete,Complete,Complete,90.0641,B,24.0,45.0,91.04166,A,,15.0,,,,,,,,,,,,,,,6.0,,93.0,76.92307,100.0,7.0
,441.5,441.5,441.5,5,4,5.0,20.0,5.0,20.0,5.0,19.0,5.0,20.0,4.0,20.0,4.5,19.0,25.0,25,24.0,0,25.0,25.0,36.0,38.0,0.0,1.0,,Complete,,86.53846,B,30.0,45.0,91.77083,A,,11.0,0.0,,,,,,,,,,,,,,2.0,,91.57141999999999,76.15384,73.33333,1.0
,373.5,373.5,373.5,4.5,5,5.0,20.0,3.0,17.0,5.0,18.5,5.0,20.0,5.0,19.0,4.5,20.0,23.5,25,25.0,,,31.0,37.0,,,2.0,Complete,Complete,,89.74358000000001,B,30.0,44.5,80.10416,B,,,,,,,,,,,,,,,,,6.0,,82.85714,52.30769,0.0,2.0
,455.5,455.5,455.5,4.5,4,5.0,19.0,5.0,20.0,5.0,19.0,5.0,20.0,4.0,18.5,5.0,20.0,25.0,25,24.0,0,25.0,28.0,34.0,40.0,,,,,Complete,90.70512,A,30.0,44.5,92.60416,A,,15.0,2.5,,,,,0.5,,0.5,,,0.5,0.5,0.5,,6.0,,91.14285,78.46153000000001,100.0,2.5
,435.0,435.0,435.0,4,5,4.0,20.0,5.0,17.0,5.0,15.5,4.0,20.0,5.0,20.0,4.0,18.5,21.0,23.5,22.5,23,25.0,27.0,22.0,36.0,0.0,2.0,Complete,,In Progress,84.93589,B,24.0,43.0,85.52083,B,,15.0,,,,,,,,,,,,,,,6.0,,91.42857,65.38461,100.0,2.0
,366.5,366.5,366.5,4.5,4.5,4.0,19.0,5.0,19.0,3.0,20.0,5.0,19.0,5.0,17.0,4.5,19.5,22.0,0,23.5,0,20.0,20.0,14.0,38.0,0.0,0.0,,Complete,,82.6923,B,29.0,30.0,75.20833,C,,15.0,0.0,,,,,,,,,,,,,,6.0,,75.57141999999999,55.384609999999995,100.0,0.0
,263.5,263.5,263.5,4.5,4.5,5.0,17.0,5.0,19.0,5.0,13.0,5.0,20.0,5.0,20.0,4.5,19.0,,,,,,25.0,23.0,33.0,,,,,Complete,82.6923,B,30.0,,58.85416,F,,,,,,,,,,,,,,,,,6.0,,47.85714,62.30769,0.0,0.0
,410.5,410.5,410.5,4.5,4.5,3.5,20.0,3.0,16.0,3.0,18.0,4.0,17.0,4.0,14.5,3.5,18.0,22.5,23.5,22.5,23,25.0,24.0,24.0,36.0,,1.0,Complete,,Complete,78.52564,C,29.5,42.0,83.75,B,,,,,,,,,,,,,,,,,5.0,,89.28571,64.61538,0.0,1.0
,400.5,400.5,400.5,5,4,5.0,20.0,5.0,20.0,0.0,0.0,4.0,18.5,4.0,20.0,0.0,0.0,20.0,25,25.0,25,25.0,25.0,29.0,41.0,5.0,2.0,Complete,Complete,,68.91025,D,29.0,45.0,85.72916,B,,,,,,,,,,,,,,,,,1.0,,83.0,73.07692,0.0,7.0
,471.0,471.0,471.0,5,4.5,4.5,20.0,3.0,18.0,5.0,17.0,5.0,19.0,4.0,20.0,4.5,18.5,25.0,25,24.0,25,25.0,25.0,35.0,44.0,,2.0,Complete,Complete,Complete,84.61538,B,29.5,44.5,92.91666,A,,15.0,,,,,,,,,,,,,,,6.0,,96.14285,80.0,100.0,2.0
,474.5,474.5,474.5,5,5,5.0,20.0,3.0,19.0,5.0,17.0,5.0,19.0,4.0,20.0,4.5,20.0,23.5,24.5,25.0,22,25.0,31.0,34.0,44.0,,1.0,,Complete,Complete,89.74358000000001,B,29.0,44.0,93.22916,A,,15.0,,,,,,,,,,,,,,,6.0,,95.57141999999999,83.84615,100.0,1.0
,406.5,406.5,406.5,5,5,5.0,19.5,0.0,0.0,0.0,0.0,4.0,18.5,4.0,18.5,4.0,19.0,23.0,23,23.0,21,25.0,30.0,33.0,47.0,0.0,0.0,,,Complete,58.333330000000004,F,30.0,45.0,86.5625,B,,,,,,,,,,,,,,,,,4.0,,80.71428,84.61538,0.0,0.0
,417.5,417.5,417.5,4,5,5.0,18.0,3.5,20.0,0.0,0.0,0.0,18.0,5.0,20.0,0.0,18.5,18.0,23.5,23.0,,25.0,34.0,30.0,46.0,,,,,Complete,78.52564,D,30.0,41.0,83.85416,B,,15.0,,,,,,,,,,,,,,,15.0,,76.71428,84.61538,100.0,0.0
,448.0,448.0,448.0,4.5,4.5,4.5,20.0,4.0,18.0,0.0,0.0,5.0,20.0,5.0,17.0,5.0,19.0,24.5,25,25.0,23.5,25.0,35.0,40.0,48.0,,1.0,Complete,,Complete,78.20512,C,23.5,43.5,94.47916,A,,,,,0.0,0.0,5.0,0.5,0.5,0.5,,,0.5,0.5,0.5,0.5,0.0,,87.85714,94.61538,0.0,1.0
,497.0,497.0,497.0,5,5,5.0,20.0,5.0,20.0,4.0,20.0,5.0,20.0,5.0,20.0,4.0,20.0,25.0,25,24.0,24,25.0,37.0,38.0,47.0,,1.0,,Complete,,96.79486999999999,A,30.0,45.0,97.5,A,,14.0,,,,,,,,,,,,,,,5.0,,98.85714,93.84615,93.33333,1.0
,391.5,391.5,391.5,4.5,4.5,3.5,18.5,5.0,19.0,0.0,0.0,0.0,18.0,4.0,17.5,4.0,20.0,23.0,22,23.0,24,25.0,21.0,27.0,28.0,0.0,2.0,Complete,Complete,Complete,63.46153,D,30.0,45.0,83.85416,B,,,,,,,,,,,,,,,,,5.0,,86.14285,58.46153,0.0,2.0
,320.5,320.5,320.5,4.5,4.5,5.0,20.0,4.0,16.0,3.0,16.0,4.0,17.0,4.0,20.0,,,23.0,18,24.0,,,21.0,19.0,23.0,,,,,,77.5641,C,28.5,40.0,70.10416,C,,,,,,,,,,,,,,,,,6.0,,69.28571,48.461529999999996,0.0,0.0
,208.5,208.5,208.5,4.5,4,3.0,17.0,0.0,0.0,0.0,0.0,5.0,19.0,0.0,0.0,,,18.0,20,,,25.0,24.0,17.0,23.0,,,,,,50.961529999999996,F,26.0,,50.3125,F,,,,,,,,,,,,,,,,,3.0,,38.0,49.23076,0.0,0.0
,468.5,468.5,468.5,4.5,4.5,5.0,20.0,3.0,18.0,5.0,20.0,5.0,20.0,5.0,17.5,4.0,19.0,24.0,25,24.0,25,25.0,28.0,30.0,40.0,0.0,1.0,Complete,,Complete,89.42307,B,30.0,45.0,92.08333,A,,15.0,0.5,0.5,,,,,,,,,,,,,6.0,,97.0,75.38461,100.0,1.5
,330.0,330.0,330.0,5,5,5.0,18.0,5.0,20.0,5.0,20.0,5.0,20.0,5.0,20.0,4.5,20.0,0.0,0,0.0,0,0.0,24.0,32.0,43.0,,,,,Complete,88.46153000000001,B,23.5,44.0,70.625,C,,,,,,,,,,,,,,,,,6.0,,61.42856999999999,76.15384,0.0,0.0
,483.0,483.0,483.0,5,5,5.0,20.0,3.0,20.0,4.0,18.5,5.0,20.0,5.0,19.0,4.5,20.0,24.5,24.5,25.0,24,25.0,40.0,40.0,45.0,,2.0,Complete,Complete,Complete,97.11538,A,30.0,45.0,98.22916,A,,,,,,,,,,,,,,,,,6.0,,97.71428,96.15384,0.0,2.0
,465.0,465.0,465.0,4.5,5,5.0,20.0,3.0,20.0,5.0,18.0,5.0,18.5,5.0,20.0,4.0,20.0,25.0,22,23.0,23,25.0,25.0,31.0,44.0,,1.0,,Complete,Complete,86.53846,B,30.0,43.0,91.04166,A,,15.0,,,,,,,,,,,,,,,6.0,,95.57141999999999,76.92307,100.0,1.0
,429.5,429.5,429.5,5,5,4.5,20.0,3.0,14.0,5.0,15.0,5.0,17.5,4.0,18.0,4.5,20.0,22.5,25,25.0,24,25.0,17.0,23.0,38.0,,1.0,Complete,,,75.0,C,27.5,41.0,84.70833,B,,15.0,,,,,,,,,,,,,,,6.0,,91.57141999999999,60.0,100.0,1.0
,423.0,423.0,423.0,4.5,4,4.5,19.0,4.0,19.0,5.0,13.0,5.0,20.0,5.0,20.0,5.0,19.5,19.5,18.5,24.5,24.75,25.0,18.0,23.0,39.0,5.0,2.0,Complete,Complete,Complete,74.35897,C,29.5,39.75,84.79166,B,,9.0,,,,,,,,,,,,,,,0.0,,91.57141999999999,61.53846,60.0,7.0
,460.0,460.0,460.0,4,3.5,4.5,19.0,3.0,19.0,5.0,18.5,5.0,20.0,5.0,19.0,5.0,20.0,25.0,24,22.5,20.25,25.0,36.0,26.0,37.0,5.0,1.0,Complete,,,91.98716999999999,A,27.0,43.25,90.57291,A,,11.0,1.5,0.5,0.5,0.5,0.5,0.0,0.5,0.5,0.5,0.5,,,,,2.0,,94.28571,76.15384,73.33333,7.5
,461.5,461.5,461.5,4,4.5,5.0,18.0,3.0,19.0,5.0,17.0,5.0,18.5,5.0,19.0,4.5,20.0,25.0,24,25.0,22,25.0,24.0,31.0,44.0,,2.0,Complete,Complete,Complete,82.6923,B,30.0,43.0,91.35416,A,,15.0,,,,,,,,,,,,,,,6.0,,95.14285,76.15384,100.0,2.0
,473.0,473.0,473.0,5,5,5.0,20.0,3.0,18.0,5.0,20.0,2.5,19.5,5.0,20.0,4.0,20.0,25.0,25,25.0,25,25.0,24.0,33.0,44.0,,1.0,Complete,,Complete,85.25641,B,30.0,44.0,92.91666,A,,15.0,,,,,,,,,,,,,,,6.0,,97.42857,77.6923,100.0,1.0
,439.0,439.0,439.0,5,5,5.0,20.0,4.0,20.0,5.0,18.0,5.0,20.0,5.0,20.0,,,25.0,25,25.0,25,25.0,32.0,27.0,45.0,,1.0,Complete,,,92.94870999999999,A,28.0,44.0,93.54166,A,,,,,,,,,,,,,,,,,6.0,,91.14285,80.0,0.0,1.0
,444.25,444.25,444.25,3.5,5,5.0,19.0,5.0,18.0,5.0,18.5,5.0,19.5,5.0,20.0,5.0,20.0,24.5,24.25,24.5,0,25.0,27.0,30.0,41.0,,,Complete,,,87.5,B,29.5,44.0,91.30208,A,,15.0,,,,,,,,,,,,,,,6.0,,90.5,75.38461,100.0,0.0
,426.0,426.0,426.0,5,4.5,4.0,20.0,3.0,17.0,5.0,18.0,5.0,19.0,5.0,19.0,4.0,20.0,23.0,22.5,25.0,25,25.0,17.0,23.0,27.0,5.0,1.0,,Complete,Complete,77.24358000000001,C,25.0,45.0,84.0625,B,,12.0,0.0,,,,,,,,,,,,,,3.0,,94.14285,51.53846,80.0,6.0
,473.5,473.5,473.5,4,5,5.0,20.0,5.0,18.0,5.0,18.0,5.0,20.0,5.0,19.0,5.0,20.0,24.0,25,25.0,24,25.0,35.0,37.0,39.0,,2.0,Complete,Complete,In Progress,95.83333,A,30.0,45.0,96.04166,A,,,,0.5,0.5,0.5,0.5,,0.5,0.5,0.5,0.5,0.5,0.5,0.5,,5.0,,98.0,85.38461,0.0,2.0
,458.5,458.5,458.5,5,,5.0,17.0,5.0,18.0,5.0,19.0,5.0,20.0,4.0,20.0,5.0,20.0,24.0,25,25.0,25,25.0,30.0,38.0,45.0,,,,,,86.53846,B,22.5,45.0,92.8125,A,,,,,,,,,,,,,,,,,6.0,,95.57141999999999,86.92307,0.0,0.0
,473.0,473.0,473.0,5,5,5.0,20.0,5.0,20.0,5.0,20.0,5.0,20.0,4.0,20.0,5.0,18.5,23.5,24,25.0,25,25.0,33.0,36.0,44.0,,1.0,Complete,,Complete,95.51281999999999,A,29.0,45.0,95.72916,A,,,,,,,,,,,,,,,,,6.0,,98.28571,86.92307,0.0,1.0
,455.0,455.0,455.0,4.5,4.5,4.0,20.0,4.0,16.0,4.5,17.0,4.0,20.0,4.0,20.0,4.0,18.5,22.0,23,22.5,24,19.0,24.0,37.0,44.0,0.0,2.0,,Complete,Complete,83.01281999999999,B,26.5,42.0,89.79166,A,,14.0,5.0,0.5,0.5,0.5,0.5,,,,,,,,,,5.0,,90.0,80.76923000000001,93.33333,7.0
,405.5,405.5,405.5,5,4,4.5,19.5,4.0,19.0,0.0,0.0,5.0,18.5,5.0,18.0,5.0,18.5,24.0,22.5,22.0,21,25.0,26.0,20.0,39.0,0.0,2.0,Complete,Complete,Complete,70.83333,C,30.0,45.0,86.77083,B,,,,0.0,,,,,,,,,,,,,5.0,,87.57141999999999,65.38461,0.0,2.0
,470.5,470.5,470.5,5,5,5.0,19.0,5.0,19.0,5.0,19.5,5.0,20.0,4.0,20.0,5.0,19.0,25.0,24,25.0,23,25.0,36.0,35.0,39.0,5.0,0.0,,,Complete,95.83333,A,27.0,45.0,95.10416,A,,,,,,,,,,,,,,,,,6.0,,97.0,84.61538,0.0,5.0
,478.5,478.5,478.5,5,4.5,5.0,19.0,5.0,18.0,5.0,18.5,5.0,19.0,5.0,20.0,5.0,20.0,22.25,24.75,24.5,25,25.0,36.0,32.0,45.0,,2.0,Complete,Complete,,92.94870999999999,A,26.5,44.5,94.42708,A,,14.0,,,,,,,,,,,,,,,5.0,,96.28571,86.92307,93.33333,2.0
,407.0,407.0,407.0,,5,4.5,20.0,3.0,14.0,5.0,17.5,5.0,19.0,5.0,14.5,4.5,17.0,23.5,24,22.0,24,25.0,24.0,22.0,32.0,,,,,Complete,78.20512,C,30.0,41.5,83.125,B,,,,,,,,,,,,,,,,,5.0,,91.14285,60.0,0.0,0.0
,496.0,496.0,496.0,5,5,5.0,20.0,5.0,18.0,4.0,19.0,5.0,19.5,5.0,20.0,5.0,20.0,25.0,25,23.0,24.5,25.0,33.0,30.0,48.0,5.0,2.0,Complete,Complete,Complete,94.23076,A,30.0,45.0,94.89583,A,,15.0,3.0,0.0,0.0,0.0,0.5,0.5,0.5,0.5,0.5,0.5,,,,,6.0,,98.0,85.38461,100.0,10.0
,360.0,360.0,360.0,4,5,4.0,20.0,5.0,18.0,5.0,19.0,4.5,17.5,5.0,20.0,5.0,20.0,0.0,24,25.0,0,0.0,32.0,36.0,40.0,,1.0,Complete,,Complete,89.74358000000001,B,30.0,0.0,73.75,C,,15.0,,,,,,,,,,,,,,,6.0,,63.42856999999999,83.07692,100.0,1.0
,460.5,460.5,460.5,4.5,5,4.5,18.0,1.0,20.0,4.0,17.0,4.0,19.0,5.0,20.0,5.0,20.0,25.0,24,24.5,21,25.0,29.0,31.0,46.0,,1.0,Complete,,Complete,83.33333,B,30.0,41.0,90.72916,A,,13.0,,,,,,,,,,,,,,,4.0,,93.71428,81.53846,86.66666,1.0
,460.0,460.0,460.0,4.5,4.5,4.0,20.0,5.0,20.0,5.0,18.0,5.0,20.0,4.0,20.0,5.0,20.0,23.5,24,22.0,24.5,25.0,30.0,31.0,38.0,,1.0,Complete,,Complete,91.02564,A,29.5,36.5,90.20833,A,,15.0,,,,,,,,,,,,,,,6.0,,94.57141999999999,76.15384,100.0,1.0
,376.0,376.0,376.0,,4.5,4.5,20.0,5.0,19.0,3.0,17.0,5.0,19.0,5.0,17.0,5.0,19.0,24.0,0,22.0,24,25.0,14.0,26.0,41.0,,,,,,74.35897,C,9.0,43.0,80.20833,B,,,,,,,,,,,,,,,,,5.0,,81.57141999999999,62.30769,0.0,0.0
,451.5,451.5,451.5,4.5,5,5.0,20.0,5.0,17.0,5.0,19.0,5.0,20.0,5.0,17.0,,19.5,25.0,23.5,24.0,24,25.0,34.0,32.0,47.0,,1.0,Complete,,Complete,94.23076,A,19.5,42.5,92.08333,A,,,,,,,0.5,0.0,,0.0,0.5,0.5,0.0,,,0.5,6.0,,91.71428,86.92307,0.0,1.0
,479.25,479.25,479.25,4,5,4.5,19.0,5.0,20.0,5.0,19.5,5.0,20.0,5.0,19.5,5.0,19.5,25.0,24.75,25.0,25,25.0,26.0,32.0,41.0,5.0,2.0,Complete,Complete,Complete,89.10256,B,29.0,44.5,94.21875,A,,15.0,,,,,,,,,,,,,,,6.0,,98.64285,76.15384,100.0,7.0
,411.5,411.5,411.5,3.5,5,5.0,20.0,3.0,19.0,3.0,18.0,0.0,0.0,5.0,20.0,4.0,16.0,24.0,22.5,24.5,22,25.0,19.0,31.0,37.0,0.0,1.0,Complete,Complete,,61.85896999999999,D,29.0,45.0,85.72916,B,,10.0,0.0,,,,,,,,,,,,,,1.0,,87.14285,66.92307,66.66666,1.0
,449.0,449.0,449.0,5,5,5.0,20.0,5.0,19.0,5.0,19.5,5.0,19.5,5.0,18.0,5.0,20.0,24.25,23.5,25.0,22.75,25.0,30.0,24.0,36.0,,1.0,Complete,,Complete,90.38461,A,24.0,43.5,88.38541,B,,12.0,,,,,,,,,,,,,,,3.0,,95.42857,69.23076,80.0,1.0
,431.5,431.5,431.5,4,5,4.5,20.0,4.0,18.0,5.0,18.0,4.0,20.0,5.0,20.0,4.5,19.5,23.0,23,24.5,24,0.0,31.0,30.0,39.0,0.0,2.0,,Complete,Complete,89.42307,B,20.0,44.5,89.0625,B,,15.0,,,,,,,,,,,,,,,6.0,,86.14285,76.92307,100.0,2.0
,403.5,403.5,403.5,5,5,5.0,20.0,5.0,19.0,0.0,0.0,5.0,20.0,5.0,20.0,5.0,20.0,24.0,5,24.0,25,25.0,33.0,23.0,36.0,,2.0,Complete,Complete,,77.5641,C,29.5,41.0,90.3125,A,,,,,,,,,,,,,,,,,4.0,,85.0,70.76923000000001,0.0,2.0
,403.0,403.0,403.0,0,0,4.0,20.0,5.0,16.0,5.0,19.5,4.0,15.0,2.0,20.0,4.0,18.0,21.0,15,24.0,23,5.0,26.0,26.0,41.0,0.0,1.0,,Complete,,77.24358000000001,C,27.5,41.0,81.66666,B,,15.0,,,,,,,,,,,,,,,6.0,,82.57141999999999,71.53846,100.0,1.0
,,,,,,,,,,,,,,,,,,,,,,,,,,,,,,,0.0,,,,,,,,,,,,,,,,,,,,,,,,0.0,0.0,0.0,0.0
,454.0,454.0,454.0,4.5,5,4.0,20.0,5.0,19.0,4.0,18.0,5.0,20.0,4.0,20.0,4.0,18.5,24.5,22,25.0,0,25.0,34.0,35.0,45.0,0.0,3.0,Complete,Complete,Complete,92.6282,A,28.5,43.0,93.95833,A,,15.0,,,,,,,,,,,,,,,6.0,,88.42857,87.6923,100.0,3.0
,418.5,418.5,418.5,3.5,5,4.5,20.0,5.0,18.0,5.0,18.5,5.0,20.0,0.0,20.0,5.0,20.0,25.0,18,20.0,0,25.0,25.0,29.0,39.0,0.0,0.0,,,,86.21794,B,25.0,44.0,86.14583,B,,14.0,,,,,,,,,,,,,,,5.0,,85.14285,71.53846,93.33333,0.0
,410.5,410.5,410.5,3.5,4.5,3.5,17.0,1.0,16.0,5.0,18.0,5.0,20.0,5.0,16.5,4.5,19.5,18.5,21,22.5,17,25.0,23.0,25.0,31.0,5.0,,,,In Progress,78.52564,C,22.0,40.5,80.72916,B,,15.0,,0.0,,,,,,,,,,,,,6.0,,85.0,60.76923000000001,100.0,5.0
,481.5,481.5,481.5,4.5,4,4.5,17.5,3.5,20.0,5.0,20.0,4.5,19.5,4.0,20.0,4.0,19.0,20.0,23,25.0,21,25.0,29.0,38.0,45.0,,2.0,Complete,Complete,Complete,94.55128,B,30.0,44.5,93.22916,A,,15.0,0.5,0.5,,,,,,,,,,,,,15.0,,94.28571,86.15384,100.0,2.5
,477.5,477.5,477.5,5,5,4.5,20.0,5.0,17.5,5.0,19.5,4.0,20.0,5.0,20.0,4.5,19.5,22.0,24,25.0,25,25.0,33.0,32.0,45.0,0.0,1.0,Complete,,,92.6282,A,26.0,45.0,93.85416,A,,15.0,,0.0,0.0,0.0,0.0,,,,,,,,,,6.0,,96.14285,84.61538,100.0,1.0
,360.5,360.5,360.5,4.5,4.5,4.0,20.0,4.0,17.0,5.0,17.0,4.5,19.5,4.0,20.0,0.0,0.0,18.0,0,25.0,0,25.0,31.0,20.0,33.0,0.0,3.0,Complete,Complete,Complete,85.25641,B,26.5,45.0,75.3125,C,,11.0,,,,,,,,,,,,,,,2.0,,72.71428,64.61538,73.33333,3.0
,417.0,417.0,417.0,5,5,5.0,20.0,5.0,19.5,5.0,18.5,5.0,20.0,5.0,19.0,4.5,19.0,25.0,23.5,0.0,22,25.0,32.0,25.0,37.0,0.0,2.0,Complete,Complete,,92.30769000000001,A,26.0,42.0,89.16666,A,,,,,,,,,,,,,,,,,4.0,,88.28571,72.30769000000001,0.0,2.0
,412.0,412.0,412.0,4.5,4,5.0,17.0,4.0,17.0,4.0,18.0,5.0,20.0,5.0,20.0,5.0,19.0,,In Progress,24.0,25,25.0,32.0,31.0,46.0,,2.0,Complete,Complete,,87.82051,B,30.0,45.0,88.64583,B,,,,,0.0,0.5,,,,,,,,,,,6.0,,82.28571,83.84615,0.0,2.0
,491.5,491.5,491.5,5,4.5,4.0,18.0,3.5,19.0,5.0,17.0,4.5,19.0,5.0,19.0,4.5,18.0,25.0,25,23.0,24,25.0,34.0,34.0,46.0,5.0,,,,Complete,95.1923,B,30.0,44.5,94.6875,A,,15.0,,,,,,,,,,,,,,,15.0,,95.14285,87.6923,100.0,5.0
,479.0,479.0,479.0,4.5,4.5,5.0,20.0,5.0,20.0,5.0,18.0,5.0,20.0,4.0,20.0,4.5,18.5,23.0,25,25.0,23.5,25.0,37.0,29.0,43.0,0.0,0.0,,,,96.15384,A,28.5,45.0,93.75,A,,15.0,0.0,,,,,,,,,,,,,,6.0,,97.14285,83.84615,100.0,0.0
,383.75,383.75,383.75,4,5,,,3.0,17.0,4.0,12.0,5.0,18.0,5.0,16.0,5.0,17.0,23.5,20.5,22.0,23,24.0,30.0,28.0,29.0,5.0,2.0,Complete,Complete,Complete,63.46153,D,28.75,38.0,82.23958,B,,,,,,,,,,,,,,,,,1.0,,80.5,66.92307,0.0,7.0
,414.5,414.5,414.5,4.5,5,3.5,20.0,5.0,16.0,4.5,17.5,5.0,18.0,4.0,16.0,4.5,18.0,23.5,24,22.0,24,25.0,16.0,24.0,38.0,5.0,2.0,Complete,Complete,Complete,77.5641,C,24.5,41.0,84.47916,B,,,,,,,,,,,,,,,,,6.0,,90.28571,60.0,0.0,7.0
,466.5,466.5,466.5,3.5,5,5.0,20.0,5.0,19.0,4.5,19.5,4.5,20.0,4.0,20.0,3.5,18.0,24.0,20.5,25.0,16,25.0,29.0,33.0,45.0,,1.0,,Complete,Complete,96.15384,A,25.0,42.5,90.9375,A,,15.0,,,,,,,,,,,,,,,15.0,,91.71428,82.30769000000001,100.0,1.0
,421.5,421.5,421.5,5,5,4.0,20.0,1.0,15.0,5.0,14.0,5.0,18.0,3.0,18.0,4.5,20.0,24.0,19.5,25.0,21,25.0,22.0,21.0,40.0,,1.0,Complete,,,76.28205,C,27.5,40.0,83.4375,B,,14.0,,,,,,,,,,,,,,,5.0,,88.42857,63.84615,93.33333,1.0
,395.75,395.75,395.75,4.5,4.5,3.5,19.0,0.0,0.0,5.0,16.5,5.0,19.5,5.0,19.5,5.0,19.5,23.0,22.75,25.0,21,25.0,24.0,22.0,28.0,,1.0,,Complete,Complete,65.0641,D,27.5,42.0,82.65625,B,,9.0,,,,,0.0,,,,,,,,,,0.0,,86.78571,56.923069999999996,60.0,1.0
,391.0,391.0,391.0,5,4,4.5,20.0,5.0,17.0,5.0,0.0,3.5,16.0,4.0,20.0,0.5,20.0,22.5,22,15.0,23,25.0,18.0,22.0,43.0,,,,,,63.46153,D,25.0,40.0,81.04166,B,,10.0,,,,,,,,,,,,,,,1.0,,82.28571,63.84615,66.66666,0.0
,247.0,247.0,247.0,4.5,5,5.0,18.0,5.0,20.0,3.5,20.0,4.5,19.0,5.0,18.0,0.0,0.0,,,,,,30.0,34.0,,,,,,Complete,95.1923,B,27.5,,48.54166,F,3/4/20,14.0,,,,,,,,,,,,,,,14.0,,41.57142,49.23076,93.33333,0.0
,461.5,461.5,461.5,5,5,5.0,20.0,4.0,16.0,4.0,20.0,5.0,20.0,5.0,20.0,5.0,20.0,24.0,25,23.0,25,25.0,29.0,35.0,43.0,,2.0,Complete,Complete,,89.10256,B,28.5,44.0,94.27083,A,,,,,,,,,,,,,,,,,6.0,,96.71428,82.30769000000001,0.0,2.0
,381.75,381.75,381.75,5,4.5,5.0,18.0,5.0,18.0,4.0,18.5,5.0,18.5,5.0,18.0,5.0,19.5,23.0,0,0.0,5,25.0,29.0,30.0,30.0,,1.0,Complete,Complete,Complete,86.85897,B,28.0,43.75,78.69791,C,,14.0,,,,,,,,,,,,,,,5.0,,75.5,68.46153000000001,93.33333,1.0
,432.5,432.5,432.5,4.5,5,5.0,20.0,3.5,18.0,4.0,17.0,4.5,20.0,5.0,17.0,4.0,19.0,21.0,19,24.0,21.5,25.0,24.0,22.0,32.0,,,,,Complete,90.0641,B,25.0,42.5,83.02083,B,,15.0,,,,,,,,,,,,,,,15.0,,90.0,60.0,100.0,0.0
,442.0,442.0,442.0,4,4.5,4.0,20.0,4.0,17.5,5.0,19.5,5.0,19.0,4.0,17.5,4.5,18.0,25.0,24.5,22.0,23,25.0,21.0,37.0,45.0,0.0,1.0,,Complete,Complete,81.73076,B,25.0,44.0,89.6875,A,,,,,,,,,,,,,,,,,4.0,,93.28571,79.23076,0.0,1.0
,478.5,478.5,478.5,5,5,5.0,20.0,5.0,20.0,5.0,29.0,5.0,20.0,4.0,20.0,4.5,19.0,25.0,25,25.0,25,25.0,35.0,33.0,41.0,,2.0,Complete,Complete,Complete,102.5641,A,29.5,42.5,96.04166,A,,,,,,,,,,,,,,,,,6.0,,101.0,83.84615,0.0,2.0
,431.0,431.0,431.0,4,4.5,4.5,19.0,5.0,20.0,5.0,17.0,5.0,20.0,5.0,20.0,5.0,19.0,24.0,25,21.0,,25.0,31.0,33.0,41.0,,2.0,Complete,Complete,Complete,90.38461,A,29.0,43.0,92.08333,A,,,,,0.0,0.0,,0.0,0.0,,,,,,,,6.0,,89.0,80.76923000000001,0.0,2.0
,457.0,457.0,457.0,4,4,3.5,20.0,5.0,18.0,4.0,18.0,5.0,20.0,5.0,18.5,3.0,18.0,22.0,22,24.0,23.5,25.0,24.0,19.0,39.0,5.0,2.0,Complete,Complete,Complete,87.17948,B,30.0,45.0,88.64583,A,,15.0,5.0,0.5,0.5,0.5,0.5,0.5,0.5,0.5,0.5,0.5,0.5,0.5,0.5,0.5,6.0,,94.14285,63.076919999999994,100.0,12.0
,464.5,464.5,464.5,5,5,5.0,20.0,3.0,20.0,5.0,20.0,5.0,17.0,5.0,20.0,4.5,20.0,20.0,25,23.0,25,25.0,24.0,32.0,40.0,,2.0,Complete,Complete,Complete,86.85897,B,30.0,44.0,91.14583,A,,15.0,0.5,0.5,,,,,,,,,,,,,6.0,,96.14285,73.84615,100.0,2.5
,447.25,447.25,447.25,5,4,4.0,16.0,4.0,18.0,5.0,18.5,5.0,19.5,5.0,19.0,5.0,19.0,24.5,21.25,24.0,21.75,25.0,25.0,30.0,36.0,5.0,1.0,Complete,,Complete,81.41025,B,29.0,43.75,88.59375,B,,12.0,,,,,,,,,,,,,,,3.0,,93.5,70.0,80.0,6.0
,451.5,451.5,451.5,4.5,5,5.0,20.0,5.0,17.0,5.0,14.5,4.5,20.0,3.0,20.0,4.0,17.5,22.0,23,21.5,23.5,25.0,31.0,32.0,40.0,0.0,2.0,,Complete,Complete,88.78205,B,22.5,44.0,89.16666,B,,15.0,,0.5,0.5,,,,,,,,,,,,6.0,,90.57141999999999,79.23076,100.0,2.0
,419.25,419.25,419.25,,,4.0,18.0,3.0,18.0,5.0,19.0,0.0,0.0,5.0,19.0,0.0,20.0,23.0,23.5,24.5,20.5,25.0,28.0,31.0,37.0,,1.0,,Complete,Complete,64.74358000000001,D,30.0,44.75,86.30208,B,,15.0,,,,,,0.0,,,,,,0.0,,,6.0,,86.35714,73.84615,100.0,1.0
,400.5,400.5,400.5,,5,0.0,0.0,0.0,0.0,5.0,17.0,5.0,19.0,4.0,19.0,5.0,20.0,23.5,23,25.0,24,25.0,26.0,30.0,47.0,,,,,,53.52564,F,28.5,43.0,85.3125,B,,,,,,0.0,0.5,0.0,,,,,,,,,6.0,,81.71428,79.23076,0.0,0.0
,440.5,440.5,440.5,3.5,5,4.0,20.0,5.0,19.0,5.0,17.0,5.0,18.0,4.0,16.0,5.0,19.0,24.0,24.5,24.0,24.5,25.0,37.0,27.0,45.0,,,,,,92.6282,A,13.0,45.0,89.47916,A,,,,,,,,,,,,,,,,,6.0,,90.57141999999999,83.84615,0.0,0.0
,490.0,490.0,490.0,5,5,4.5,20.0,5.0,19.0,4.0,17.5,5.0,19.5,5.0,20.0,5.0,20.0,24.75,23.75,25.0,25,25.0,35.0,36.0,47.0,5.0,1.0,Complete,,Complete,91.34615,A,29.5,44.5,97.1875,A,,12.0,,,,,,,,,,,,,,,3.0,,97.71428,90.76923000000001,80.0,6.0
,480.5,480.5,480.5,5,5,5.0,20.0,5.0,20.0,5.0,19.0,4.5,20.0,4.0,20.0,4.5,18.5,22.0,24,23.0,24,25.0,29.0,38.0,47.0,0.0,3.0,Complete,Complete,Complete,91.98716999999999,A,27.0,45.0,94.89583,A,,15.0,,,,,,,,,,,,,,,6.0,,95.85714,87.6923,100.0,3.0
,267.0,267.0,267.0,0,0,5.0,20.0,0.0,15.0,3.0,17.0,0.0,0.0,4.0,20.0,4.0,20.0,0.0,0,0.0,0,0.0,19.0,17.0,41.0,0.0,0.0,,Complete,,52.5641,F,29.0,38.0,62.708330000000004,D,,12.0,0.0,,,,,,,,,,,,,,3.0,,50.0,59.23076,80.0,0.0
,425.5,425.5,425.5,5,5,4.5,19.0,5.0,18.0,4.0,18.5,5.0,20.0,5.0,18.0,5.0,20.0,17.75,24.5,23.5,21.75,25.0,16.0,20.0,37.0,,1.0,Complete,,Complete,80.76923000000001,B,25.0,42.0,83.90625,B,,15.0,,,,,,,,,,,,,,,6.0,,91.85714,56.15384,100.0,1.0
,427.75,427.75,427.75,4,5,4.0,20.0,5.0,19.0,5.0,19.5,5.0,19.5,5.0,19.0,0.0,0.0,23.5,23,24.5,25,25.0,23.0,33.0,35.0,,1.0,,Complete,,84.61538,B,26.0,44.75,88.69791,B,,12.0,,,,,,,,,,,,,,,3.0,,89.35714,70.0,80.0,1.0
,359.0,359.0,359.0,5,5,0.0,0.0,0.0,0.0,0.0,0.0,0.0,0.0,0.0,0.0,5.0,20.0,24.0,24.5,24.5,23,25.0,29.0,38.0,44.0,0.0,2.0,Complete,Complete,Complete,27.5641,F,30.0,45.0,74.375,C,,13.0,0.0,,,,,,,,,,,,,,4.0,,63.14285,85.38461,86.66666,2.0
,454.5,454.5,454.5,4.5,5,4.5,19.0,5.0,19.5,4.0,20.0,0.0,19.5,4.5,20.0,4.5,19.0,25.0,24.5,24.0,23,25.0,31.0,31.0,45.0,5.0,2.0,Complete,Complete,Complete,86.53846,B,27.0,42.0,92.91666,A,,,,,,,,,,,,,0.0,,,,3.0,,94.28571,82.30769000000001,0.0,7.0
,420.5,420.5,420.5,3,5,4.0,19.0,5.0,17.0,5.0,15.0,5.0,17.0,3.0,16.0,4.0,16.5,18.5,22.5,24.0,23,25.0,25.0,29.0,42.0,,1.0,Complete,,Complete,77.5641,C,26.5,39.5,83.75,B,,10.0,,,,,,,,,,,,,,,1.0,,87.28571,73.84615,66.66666,1.0
,446.5,446.5,446.5,4,5,5.0,20.0,5.0,20.0,5.0,19.0,5.0,19.0,5.0,19.5,0.0,0.0,24.5,24.5,20.0,24,25.0,31.0,31.0,43.0,,,,,,91.66666,A,28.5,43.5,91.77083,A,,15.0,,,,,,,,,,,,,,,5.0,,89.28571,80.76923000000001,100.0,0.0
,430.5,430.5,430.5,4.5,5,5.0,20.0,4.0,20.0,5.0,19.0,5.0,20.0,5.0,20.0,4.5,19.5,20.0,20,25.0,25,25.0,35.0,29.0,45.0,,2.0,Complete,Complete,Complete,94.55128,A,,45.0,87.39583,B,,,,,,,,,,,,,,,,,5.0,,87.71428,83.84615,0.0,2.0
,462.5,462.5,462.5,4,5,5.0,20.0,5.0,17.0,4.0,18.5,5.0,18.0,5.0,20.0,4.0,17.5,21.0,22,24.0,24.5,25.0,21.0,36.0,47.0,5.0,3.0,Complete,Complete,Complete,82.37179,B,26.0,42.0,91.35416,A,,15.0,,,,,,,,,,,,,,,6.0,,92.42857,80.0,100.0,8.0
,394.0,394.0,394.0,4.5,5,5.0,20.0,4.0,18.0,5.0,17.0,4.0,20.0,5.0,20.0,4.0,19.5,,,25.0,25,25.0,19.0,27.0,42.0,,1.0,Complete,,,81.73076,B,30.0,44.0,84.58333,B,,,,,,,,,,,,,,,,,6.0,,83.0,67.6923,0.0,1.0
,430.5,430.5,430.5,5,5,5.0,20.0,3.0,20.0,5.0,17.0,5.0,20.0,5.0,20.0,4.5,19.5,23.5,22,,25,25.0,28.0,37.0,45.0,,,,,,87.17948,B,28.0,40.0,91.5625,A,,,,,,,,,,,,,,,,,3.0,,87.85714,84.61538,0.0,0.0
,411.5,411.5,411.5,4.5,5,5.0,18.0,0.0,0.0,5.0,19.0,5.0,20.0,5.0,20.0,5.0,19.0,24.0,,25.0,24,25.0,32.0,35.0,41.0,,,,,,74.03846,C,29.0,44.0,82.60416,B,,,,,,,,,,,,,,,,,2.0,,83.42857,83.07692,0.0,0.0
,435.0,435.0,435.0,4.5,5,4.5,20.0,5.0,17.0,5.0,15.5,5.0,18.0,5.0,20.0,5.0,20.0,23.5,24,25.0,17,25.0,25.0,24.0,42.0,,1.0,,Complete,In Progress,83.65384,B,30.0,44.0,89.16666,B,,,,,,,,,,,,,,,,,6.0,,93.85714,70.0,0.0,1.0
,452.5,452.5,452.5,4.5,5,4.5,20.0,5.0,19.0,5.0,20.0,5.0,18.5,5.0,18.0,5.0,20.0,24.0,0,24.0,18,25.0,29.0,33.0,49.0,,1.0,Complete,,Complete,90.70512,A,30.0,45.0,93.02083,A,,15.0,,,,,,,,,,,,,,,6.0,,88.85714,85.38461,100.0,1.0
,437.0,437.0,437.0,4.5,5,4.5,20.0,5.0,18.5,5.0,20.0,4.5,19.5,4.0,20.0,0.0,0.0,18.0,23.5,24.0,23,25.0,36.0,30.0,38.0,0.0,1.0,,Complete,,95.1923,A,27.0,41.0,90.0,A,,15.0,,,,,,,,,,,,,,,6.0,,86.42857,80.0,100.0,1.0
,473.5,473.5,473.5,5,5,5.0,20.0,5.0,20.0,5.0,20.0,4.5,20.0,5.0,20.0,5.0,18.5,25.0,25,24.0,,25.0,32.0,37.0,45.0,,2.0,Complete,Complete,Complete,99.67948,A,30.0,44.5,96.14583,A,,14.0,,,,,,,,,,,,,,,14.0,,91.85714,87.6923,93.33333,2.0
,446.5,446.5,446.5,5,5,5.0,19.0,3.0,19.0,0.0,0.0,5.0,19.5,5.0,20.0,5.0,20.0,25.0,23,24.0,23.25,25.0,29.0,29.0,43.0,,2.0,Complete,Complete,Complete,74.03846,C,30.0,43.75,92.1875,A,,15.0,,,,,,,,,,,,,,,6.0,,89.85714,77.6923,100.0,2.0
,446.0,446.0,446.0,5,5,5.0,20.0,5.0,20.0,5.0,16.0,5.0,20.0,4.0,20.0,5.0,20.0,24.5,25,25.0,,25.0,33.0,34.0,45.0,,,,,Complete,92.30769000000001,A,29.5,45.0,94.79166,A,,,,,,,,,,,,,,,,,5.0,,91.14285,86.15384,0.0,0.0
,464.5,464.5,464.5,4,4.5,5.0,19.0,5.0,19.0,5.0,16.5,5.0,20.0,5.0,19.0,5.0,20.0,24.5,24.25,24.5,23.75,25.0,24.0,29.0,42.0,,2.0,Complete,Complete,Complete,85.25641,B,30.0,44.5,91.45833,A,,15.0,,,,,,,,,,,,,,,6.0,,97.14285,73.07692,100.0,2.0
,430.75,430.75,430.75,5,4.5,5.0,20.0,3.0,20.0,5.0,16.5,0.0,0.0,3.0,16.0,4.5,20.0,23.0,24,24.0,24,25.0,29.0,33.0,44.0,5.0,2.0,Complete,Complete,Complete,72.43589,C,28.25,44.0,92.03125,A,,,,,,,,,,,,,,,,,5.0,,87.21428,81.53846,0.0,7.0
