Weighted Total [Total Pts: up to 0 Percentage] |1576204,Total [Total Pts: up to 480 Score] |1576203,Academic Integrity Quiz [Total Pts: 10 Score] |1626325,Syllabus Quiz [Total Pts: 10 Score] |1626326,Pre-Lab 1 [Total Pts: 5 Score] |1626327,Lab 1 [Total Pts: 20 Score] |1626328,Pre-Lab 2 [Total Pts: 5 Score] |1626329,Lab 2 [Total Pts: 20 Score] |1626330,Pre-Lab 3 [Total Pts: 5 Score] |1626331,Lab 3 [Total Pts: 20 Score] |1626332,Pre-Lab 4 [Total Pts: 5 Score] |1626333,Lab 4 [Total Pts: 20 Score] |1626334,Pre-Lab 5 [Total Pts: 5 Score] |1626335,Lab 5 [Total Pts: 20 Score] |1626336,Pre-Lab 6 [Total Pts: 5 Score] |1626337,Lab 6 [Total Pts: 20 Score] |1626338,Pre-Lab 7 [Total Pts: 5 Score] |1626339,Lab 7 [Total Pts: 20 Score] |1626340,Pre-Lab 8 [Total Pts: 5 Score] |1626341,Lab 8 [Total Pts: 20 Score] |1626342,Pre-Lab 9 [Total Pts: 5 Score] |1626343,Lab 9 [Total Pts: 20 Score] |1626344,Pre-Lab 10 [Total Pts: 0 Score] |1626345,Lab 10 [Total Pts: 0 Score] |1626346,Exam 1 [Total Pts: 65 Score] |1626368,Exam 2 [Total Pts: 65 Score] |1626374,Documentary Review Extra Credit [Total Pts: 0 Score] |1626362,Misc. Extra Credit [Total Pts: 0 Score] |1626371,ANTH 105 Midterm Instruction Assessment [Total Pts: 0 Complete/Incomplete] |1626363,Midterm Grade Percentage Column [Total Pts: up to 120 Percentage] |1626364,Midterm Letter Grade [Total Pts: 0 Text] |1626365,Lincoln Park Zoo Assignment [Total Pts: 30 Score] |1626369,Field Museum Scavenger Hunt [Total Pts: 50 Score] |1626370,Date Last Attendance [Total Pts: 0 Text] |1626376,Documentary Lab Questions [Total Pts: 25 Score] |1626367,Food Allergies Survey [Total Pts: 0 Complete/Incomplete] |1626324,Sli.do total [Total Pts: 0 Text] |1691825,Inquizitive extra credit [Total Pts: 0 Text] |1695424,Incomplete: Final Total Points [Total Pts: 475 Percentage] |1626372,Incomplete: Final Letter Grade [Total Pts: 100 Text] |1626373,Final Grade Percentage [Total Pts: up to 480 Percentage] |2289825,Final Grade Letter [Total Pts: up to 480 Letter] |2289813,Total Assignment Percentage [Total Pts: up to 305 Percentage] |2291828,Total Exam Percentage [Total Pts: up to 130 Percentage] |2291829,Total Attendance Percentage [Total Pts: 0 Score] |2291839,Total Extra Credit [Total Pts: 0 Score] |2291840
,446.0,9,10.0,0.0,20.0,5.0,18.0,5.0,18.5,5.0,18.0,5.0,19.5,4.5,17.0,5.0,18.5,4.5,20.0,4.0,20.0,5.0,19.0,55.0,53.0,,,Complete,90.41666,A,23.5,44.0,,,,20,,93.89473000000001,A,92.91666,A,98.03278,83.07692,100,0.0
,432.5,9,10.0,4.0,17.0,5.0,19.5,5.0,18.5,5.0,20.0,4.5,18.0,5.0,18.5,5.0,18.5,4.0,19.5,3.5,20.0,5.0,20.0,44.0,30.0,5.0,,Complete,94.16666,A,30.0,48.0,,,,16,5.0,91.05263000000001,A,90.10416,A,102.78688000000001,56.923069999999996,80,5.0
,297.5,9,10.0,3.0,18.0,2.5,16.0,4.5,16.0,,,,,4.5,19.0,,9.0,1.0,19.5,4.0,20.0,5.0,20.0,32.0,0.0,,,,65.83333,D,18.0,46.5,,,,20,,62.631569999999996,D,61.97916,D,74.26229000000001,24.61538,100,0.0
,398.95,9,10.0,5.0,20.0,5.0,20.0,0.0,16.0,5.0,18.5,5.0,18.0,4.0,15.25,3.0,18.5,3.2,19.0,4.0,19.0,4.0,15.0,38.0,40.0,5.0,,Complete,90.41666,A,23.5,36.0,,,,20,,82.94736,B,83.11458,B,90.80327,60.0,100,0.0
,399.0,9,10.0,4.0,16.0,5.0,20.0,4.0,18.0,4.5,20.0,5.0,18.5,5.0,19.5,4.0,19.5,3.0,19.5,1.5,20.0,4.0,19.0,51.0,55.0,,,,92.08333,A,25.0,0.0,,,,19,0.0,84.0,B,83.125,B,83.60655,81.53846,95,0.0
,425.5,9,10.0,5.0,20.0,3.0,20.0,4.0,19.5,5.0,20.0,4.0,20.0,5.0,20.0,5.0,19.5,0.0,0.0,4.5,20.0,5.0,20.0,50.0,46.0,,,,96.25,A,30.0,41.0,,,,20,,,A,88.64583,B,95.2459,73.84615,100,0.0
,346.5,9,9.0,5.0,20.0,5.0,20.0,5.0,19.0,4.0,20.0,5.0,20.0,5.0,19.0,0.0,0.0,0.0,0.0,3.0,20.0,0.0,20.0,47.0,51.0,,,,96.66666,A,28.5,0.0,,,,12,,75.05263000000001,C,72.1875,C,71.63934,75.38461,60,0.0
,452.5,7,9.0,5.0,20.0,3.0,18.0,5.0,17.0,4.0,20.0,5.0,18.0,5.0,19.0,4.0,19.5,5.0,19.5,5.0,20.0,4.0,20.0,47.0,57.0,,,Complete,90.0,A,27.5,49.0,,,,20,,95.26315,A,94.27083,A,102.45900999999999,80.0,100,0.0
,428.0,10,8.0,4.5,20.0,5.0,20.0,4.0,18.5,5.0,15.0,0.0,0.0,4.5,20.0,4.0,19.5,4.0,19.0,5.0,20.0,5.0,20.0,54.0,52.0,0.0,,,91.66666,A,25.0,50.0,,,,16,,,A,89.16666,B,94.42622,81.53846,80,0.0
,417.0,10,9.0,4.5,20.0,3.0,19.5,5.0,13.0,4.5,20.0,5.0,20.0,,20.0,5.0,20.0,3.5,20.0,3.5,20.0,5.0,20.0,36.0,42.0,,,In Progress,90.41666,B,30.0,47.5,,,,11,,87.78947,B,86.875,B,101.31147,60.0,55,0.0
,422.5,9,8.0,5.0,20.0,5.0,17.0,5.0,19.5,4.5,20.0,4.0,19.0,4.5,20.0,5.0,18.0,4.0,19.5,4.0,20.0,4.0,19.0,36.0,35.0,,,,94.16666,A,27.5,50.0,,,,20,,88.94736,B,88.02083,B,103.11475,54.61538,100,0.0
,478.0,10,10.0,5.0,20.0,5.0,18.5,4.0,19.0,5.0,20.0,5.0,20.0,5.0,19.0,5.0,18.5,4.5,20.0,5.0,20.0,5.0,20.0,57.0,58.0,,,,97.08333,A,29.5,50.0,,,,20,,100.63157,A,99.58333,A,105.90163000000001,88.46153000000001,100,0.0
,393.5,10,6.0,4.0,19.0,5.0,17.0,5.0,19.0,3.5,19.0,4.0,19.0,4.0,16.0,5.0,16.0,4.5,18.0,5.0,20.0,0.0,0.0,42.0,47.0,,,Complete,89.58333,B,28.0,45.5,,,,12,,,B,81.97916,B,90.65573,68.46153000000001,60,0.0
,375.5,10,8.0,4.0,20.0,5.0,18.5,5.0,19.5,3.5,20.0,4.5,19.0,4.0,16.5,2.5,15.0,4.0,18.0,5.0,20.0,4.0,18.0,40.0,52.0,,,,94.58333,A,23.5,0.0,,,,16,,,C,78.22916,C,81.80327,70.76923000000001,80,0.0
,296.5,8,9.0,0.0,0.0,0.0,0.0,0.0,0.0,4.5,20.0,4.0,18.5,4.5,15.0,2.0,12.0,2.5,18.5,4.0,20.0,4.5,17.0,28.0,43.0,,,Complete,34.58333,F,15.5,32.0,,,,14,,62.42105,D,61.770830000000004,D,63.77049,54.61538,70,0.0
,404.5,,9.0,4.5,20.0,1.0,18.5,2.5,15.0,2.0,18.5,5.0,17.25,4.5,16.0,4.0,18.75,4.0,20.0,3.5,20.0,2.5,19.0,45.0,39.0,5.0,,Complete,75.83333,C,24.5,42.0,,,,20,3.5,84.21051999999999,B,84.27083,B,92.78688000000001,64.61538,100,3.5
,443.0,9,8.0,4.5,19.0,5.0,20.0,5.0,19.5,5.0,16.0,5.0,20.0,5.0,17.0,5.0,19.5,5.0,19.0,2.0,20.0,5.0,18.0,48.0,47.0,,,Complete,92.5,A,28.0,48.5,,,,20,,93.26315,A,92.29166,A,101.96721,73.07692,100,0.0
,371.5,9,10.0,5.0,18.5,4.0,20.0,5.0,18.5,4.0,20.0,5.0,18.0,0.0,0.0,0.0,18.5,0.0,19.0,0.0,0.0,0.0,0.0,49.0,55.0,,,,95.0,A,30.0,50.0,,,,13,0.0,78.31578,C,77.39583,C,77.21311,80.0,65,0.0
,467.0,10,10.0,4.5,19.0,5.0,18.0,5.0,16.5,5.0,20.0,4.0,20.0,5.0,17.5,5.0,17.5,5.0,18.0,5.0,20.0,5.0,20.0,51.0,60.0,4.0,,,94.16666,A,27.0,50.0,,,,20,,,A,97.29166,A,102.29508,85.38461,100,0.0
,461.0,8,9.0,4.0,20.0,5.0,18.0,4.0,18.5,5.0,20.0,5.0,18.0,4.5,20.0,5.0,20.0,5.0,20.0,5.0,20.0,5.0,20.0,49.0,58.0,,,Complete,92.91666,A,30.0,45.0,,,,20,,,A,96.04166,A,103.93441999999999,82.30769000000001,100,0.0
,96.0,10,10.0,0.0,0.0,5.0,19.0,0.0,0.0,0.0,0.0,3.0,18.0,0.0,0.0,,,,,,,,,,,,,,36.66666,F,22.0,,,,,9,,,,20.0,F,21.96721,0.0,45,0.0
,443.0,10,10.0,5.0,20.0,0.0,20.0,3.0,19.0,5.0,20.0,5.0,20.0,4.5,20.0,5.0,20.0,5.0,20.0,3.0,20.0,5.0,20.0,41.0,48.0,,,Complete,93.33333,B,30.0,49.5,,,,15,,,A,92.29166,A,104.59016,68.46153000000001,75,0.0
,480.0,10,10.0,5.0,20.0,3.0,19.0,5.0,19.0,5.0,20.0,4.0,20.0,5.0,20.0,5.0,20.0,4.5,20.0,3.5,20.0,5.0,20.0,57.0,61.0,,,,96.66666,A,30.0,49.0,,,,20,0.0,101.05263000000001,A,100.0,A,105.57377,90.76923000000001,100,0.0
,490.0,10,10.0,3.0,20.0,5.0,20.0,5.0,19.0,5.0,19.5,5.0,18.5,5.0,20.0,5.0,19.5,5.0,19.5,5.0,20.0,5.0,20.0,60.0,58.0,5.0,,Complete,97.08333,A,30.0,48.0,,,,20,5.0,103.15789000000001,A,102.08333,A,105.57377,90.76923000000001,100,5.0
,442.5,9,10.0,4.5,20.0,4.5,19.0,5.0,19.0,5.0,20.0,5.0,20.0,5.0,20.0,5.0,20.0,2.0,20.0,4.0,20.0,5.0,20.0,39.0,42.0,5.0,,Complete,96.66666,A,25.0,49.5,,,,20,,92.10526,A,92.1875,A,104.09836,62.30769,100,0.0
,416.5,10,9.0,3.0,19.0,5.0,18.0,4.5,19.0,5.0,20.0,5.0,19.0,5.0,18.0,5.0,17.0,2.5,19.0,5.0,20.0,4.5,19.0,31.0,51.0,,,Complete,93.75,A,23.0,49.0,,,,11,,,B,86.77083,B,99.83606,63.076919999999994,55,0.0
,467.5,9,10.0,5.0,20.0,3.0,20.0,5.0,17.5,5.0,20.0,5.0,19.0,5.0,19.0,5.0,19.5,5.0,19.0,3.0,20.0,5.0,20.0,55.0,56.0,,,Complete,95.41666,A,25.0,49.5,,,,20,3.0,97.78947,A,97.39583,A,103.11475,85.38461,100,3.0
,460.0,5,5.0,4.5,20.0,5.0,17.5,5.0,18.0,0.0,20.0,5.0,19.0,5.0,18.0,5.0,18.0,5.0,19.5,4.0,20.0,4.0,20.0,56.0,58.0,5.0,,Complete,83.33333,B,29.5,49.0,,,,20,,96.8421,A,95.83333,A,101.96721,87.6923,100,0.0
,450.0,10,10.0,5.0,20.0,5.0,19.5,5.0,17.0,5.0,20.0,5.0,20.0,4.5,19.0,5.0,20.0,4.5,20.0,3.0,20.0,4.0,20.0,39.0,52.0,,,,97.08333,A,28.0,49.5,,,,20,,94.73684,A,93.75,A,104.59016,70.0,100,0.0
,372.75,9,6.0,2.0,19.0,3.0,18.0,0.0,0.0,4.5,14.5,2.5,16.0,0.0,0.0,4.0,19.5,3.0,19.5,1.0,20.0,5.0,20.0,44.0,52.0,,,,63.333330000000004,D,26.25,48.0,,,,16,,78.47368,C,77.65625,C,80.57377,73.84615,80,0.0
,448.0,10,9.0,5.0,20.0,5.0,20.0,4.0,18.5,3.5,20.0,4.0,17.0,5.0,20.0,4.0,19.0,4.0,20.0,5.0,20.0,5.0,20.0,42.0,52.0,,,Complete,95.83333,A,27.0,49.0,,,,20,,94.31578,A,93.33333,A,103.27868000000001,72.30769000000001,100,0.0
,480.5,10,10.0,5.0,18.5,5.0,20.0,5.0,19.0,5.0,20.0,5.0,20.0,5.0,20.0,5.0,18.0,5.0,20.0,5.0,20.0,5.0,20.0,55.0,55.0,5.0,,Complete,97.91666,A,30.0,50.0,,,,20,,,A,100.10416,A,106.72131,84.61538,100,0.0
,431.5,10,9.0,3.0,20.0,5.0,19.0,5.0,18.5,5.0,19.0,5.0,18.5,4.5,19.0,3.5,19.0,4.0,18.5,4.0,20.0,4.0,19.0,41.0,43.0,,,Complete,94.58333,A,29.0,46.0,,,,20,,90.8421,A,89.89583,B,101.14754,64.61538,100,0.0
,489.5,10,10.0,4.0,20.0,5.0,17.0,5.0,19.5,5.0,20.0,5.0,20.0,4.0,17.5,5.0,18.0,5.0,18.0,5.0,20.0,5.0,20.0,58.0,61.0,,,Complete,96.25,A,30.0,58.0,,,,20,4.5,,A,101.97916,A,106.88524,91.53846,100,4.5
,466.0,10,9.0,4.5,20.0,5.0,20.0,5.0,20.0,5.0,15.0,5.0,20.0,5.0,18.0,4.0,19.5,5.0,20.0,5.0,20.0,5.0,20.0,55.0,56.0,0.0,,Complete,94.58333,A,30.0,45.0,,,,20,0.0,,A,97.08333,A,103.60655,85.38461,100,0.0
,328.0,9,9.0,4.0,19.0,0.0,20.0,4.0,18.5,0.0,7.0,0.0,8.0,4.0,20.0,3.0,14.0,3.5,20.0,2.5,20.0,4.5,16.0,40.0,41.0,,,Complete,75.41666,C,21.0,0.0,,,,20,0.0,69.05263000000001,D,68.33333,D,68.52459,62.30769,100,0.0
,453.0,10,10.0,5.0,20.0,5.0,17.0,5.0,19.5,5.0,19.0,5.0,18.0,4.5,20.0,5.0,19.5,4.0,20.0,5.0,20.0,5.0,20.0,45.0,44.0,5.0,,Complete,96.25,A,29.5,48.0,,,,20,,95.36842,A,94.375,A,104.59016,68.46153000000001,100,0.0
,338.5,,,5.0,20.0,1.0,17.0,5.0,18.5,0.0,0.0,0.0,8.0,4.5,20.0,5.0,18.5,3.0,17.0,2.0,20.0,5.0,20.0,28.0,27.0,,,Complete,55.41666,F,30.0,44.0,,,,20,0.0,,C,70.52083,C,86.39344,42.30769,100,0.0
,449.5,8,9.0,5.0,20.0,5.0,20.0,4.0,18.5,5.0,20.0,5.0,20.0,0.0,0.0,5.0,20.0,4.0,20.0,4.0,20.0,5.0,20.0,48.0,59.0,5.0,,,95.41666,A,30.0,50.0,,,,20,,,A,93.64583,A,98.52459,82.30769000000001,100,0.0
,488.0,8,9.0,4.5,20.0,5.0,17.0,5.0,19.5,5.0,20.0,5.0,18.0,5.0,20.0,5.0,19.0,5.0,19.0,4.0,20.0,5.0,20.0,59.0,61.0,5.0,,Complete,94.16666,A,30.0,50.0,,,,20,5.0,102.73684,A,101.66666,A,105.2459,92.30769000000001,100,5.0
,453.5,9,10.0,5.0,20.0,5.0,20.0,5.0,18.5,5.0,19.0,5.0,19.5,4.5,20.0,5.0,19.0,2.0,19.0,4.0,20.0,4.5,19.0,51.0,57.0,,,Complete,97.08333,A,24.5,43.0,,,,20,,,A,94.47916,A,100.4918,83.07692,100,0.0
,427.5,8,10.0,4.5,13.0,5.0,20.0,5.0,19.0,5.0,20.0,5.0,20.0,4.5,19.0,5.0,20.0,4.0,19.5,5.0,20.0,0.0,0.0,41.0,56.0,0.0,,Complete,91.25,A,30.0,49.0,,,,20,,,A,89.0625,B,95.90163000000001,74.61538,100,0.0
,423.75,10,9.0,5.0,18.5,3.0,18.0,3.0,15.0,5.0,20.0,5.0,18.0,4.5,15.75,4.0,18.5,5.0,20.0,4.0,20.0,5.0,20.0,38.0,33.0,5.0,,Complete,88.75,B,30.0,50.0,,,,20,1.5,88.21051999999999,A,88.28125,B,100.7377,54.61538,100,1.5
,424.0,8,10.0,2.0,18.0,5.0,16.5,4.0,16.5,4.5,20.0,3.0,20.0,3.0,18.0,3.0,18.0,5.0,18.5,5.0,20.0,5.0,18.0,44.0,49.0,,,Complete,87.08333,B,28.5,41.5,,,,20,,,A,88.33333,B,96.06557,71.53846,100,0.0
,380.5,0,10.0,4.0,17.0,3.0,20.0,0.0,0.0,5.0,15.0,5.0,19.0,5.0,20.0,5.0,20.0,5.0,20.0,0.0,0.0,4.5,20.0,41.0,44.0,0.0,,,61.66666,D,30.0,50.0,,,,18,,,B,79.27083,C,87.70491,65.38461,90,0.0
,367.5,10,9.0,1.5,15.0,5.0,15.0,4.0,18.5,4.5,20.0,3.0,18.5,0.5,16.0,3.0,14.0,2.0,18.0,0.5,20.0,2.5,17.0,37.0,46.0,,,,85.41666,B,15.0,37.0,,,,15,,77.36842,C,76.5625,C,82.13114,63.84615,75,0.0
,478.0,10,10.0,5.0,20.0,5.0,19.0,5.0,20.0,5.0,20.0,5.0,20.0,5.0,20.0,5.0,20.0,5.0,20.0,5.0,20.0,5.0,20.0,51.0,56.0,,,,99.16666,A,30.0,50.0,,,,20,2.0,,A,99.58333,A,107.86885,82.30769000000001,100,2.0
,439.5,10,10.0,5.0,19.0,5.0,20.0,5.0,19.0,5.0,19.0,5.0,18.5,4.5,19.5,4.0,18.0,3.0,20.0,4.0,20.0,5.0,19.0,43.0,41.0,5.0,,Complete,97.5,A,29.0,44.0,,,,20,,92.52631,A,91.5625,A,101.80327,64.61538,100,0.0
,505.5,8,10.0,5.0,20.0,5.0,20.0,5.0,20.0,5.0,20.0,5.0,20.0,5.0,20.0,5.0,19.5,5.0,20.0,5.0,20.0,5.0,20.0,63.0,65.0,5.0,,Complete,98.33333,A,30.0,50.0,,,,20,5.0,,A,105.3125,A,108.03278,98.46153000000001,100,5.0
,430.0,8,10.0,5.0,20.0,5.0,20.0,5.0,17.0,5.0,19.5,5.0,19.0,5.0,20.0,5.0,17.0,5.0,19.5,5.0,20.0,0.0,0.0,45.0,53.0,,,,95.41666,A,27.0,50.0,,,,20,,90.52631,A,89.58333,B,96.39344,75.38461,100,0.0
,429.0,8,9.0,3.0,20.0,5.0,17.0,5.0,20.0,4.5,19.0,4.0,19.5,4.0,16.0,4.0,15.0,4.0,18.0,5.0,20.0,5.0,19.0,48.0,56.0,,,In Progress,92.08333,A,24.0,37.0,,,,20,,,A,89.375,B,94.42622,80.0,100,0.0
,476.5,9,9.0,5.0,18.0,4.0,20.0,5.0,18.0,5.0,20.0,3.0,19.5,4.5,19.0,5.0,19.0,5.0,20.0,3.0,20.0,5.0,20.0,58.0,56.0,5.0,,Complete,94.16666,A,27.0,49.5,,,,20,5.0,99.26315,A,99.27083,A,103.11475,87.6923,100,5.0
,424.75,9,9.0,4.25,20.0,3.0,17.0,5.0,19.0,4.5,20.0,5.0,18.0,4.5,19.0,4.0,19.0,5.0,19.5,4.0,20.0,5.0,20.0,32.0,40.0,,,Complete,92.29166,A,30.0,49.0,,,,20,,89.42105,B,88.48958,B,103.19672,55.384609999999995,100,0.0
,430.0,10,10.0,4.0,17.0,4.5,20.0,5.0,17.0,4.5,20.0,5.0,18.5,5.0,19.0,4.0,18.5,3.5,19.0,3.5,20.0,5.0,18.0,40.0,36.0,5.0,,Complete,93.33333,A,29.0,49.0,,,,20,,90.52631,A,89.58333,B,101.31147,58.46153,100,0.0
,446.5,8,10.0,3.0,20.0,0.0,20.0,4.0,19.0,5.0,20.0,5.0,17.5,4.5,19.0,4.0,19.0,4.5,20.0,4.0,20.0,4.0,19.0,48.0,45.0,5.0,,Complete,90.83333,A,30.0,49.0,,,,20,,,A,93.02083,A,101.80327,71.53846,100,0.0
,96.5,9,10.0,5.0,20.0,5.0,19.0,4.0,18.5,,,,,,,,,,,,,,,,,,,,75.41666,C,0.0,,,,,6,,,,20.10416,F,23.44262,0.0,30,0.0
,374.0,,10.0,4.5,20.0,5.0,17.0,5.0,16.0,5.0,15.0,5.0,16.0,0.0,0.0,4.0,16.5,4.5,15.0,4.0,20.0,4.0,18.0,37.0,47.0,4.0,,Complete,81.25,B,20.5,44.0,,,,17,,,C,77.91666,C,84.91803,64.61538,85,0.0
,445.0,9,10.0,4.5,19.0,2.0,18.5,5.0,18.0,4.5,20.0,5.0,20.0,5.0,19.0,5.0,20.0,4.0,20.0,4.0,20.0,4.0,20.0,41.0,48.0,5.0,,Complete,92.08333,A,26.0,48.5,,,,20,0.0,92.63157,A,92.70833,A,102.29508,68.46153000000001,100,0.0
,6.0,,,,,,,,,,,,,,,,,,,,,,,,,,,,0.0,F,,,,,,6,,,,1.25,F,0.0,0.0,30,0.0
,6.0,,,,,,,,,,,,,,,,,,,,,,,,,,,,0.0,F,,,,,,6,,,,1.25,F,0.0,0.0,30,0.0
,379.75,9,8.0,5.0,20.0,5.0,20.0,5.0,16.75,5.0,20.0,5.0,0.0,0.0,0.0,3.5,18.5,3.5,18.0,5.0,20.0,3.5,19.0,44.0,46.0,,,,94.79166,A,30.0,30.0,,,,20,,80.0,B,79.11458,C,82.86885,69.23076,100,0.0
,446.5,9,10.0,5.0,20.0,5.0,19.0,5.0,18.5,4.5,20.0,5.0,18.0,4.5,18.0,4.0,18.5,5.0,19.5,4.0,20.0,5.0,20.0,38.0,52.0,,,,96.66666,A,30.0,49.0,,,,20,,94.0,A,93.02083,A,104.09836,69.23076,100,0.0
,443.0,10,10.0,5.0,20.0,5.0,19.0,5.0,20.0,4.0,20.0,5.0,20.0,4.5,20.0,0.0,0.0,3.5,19.5,3.5,20.0,5.0,18.0,50.0,55.0,5.0,,Complete,98.33333,A,27.0,49.0,,,,20,,93.26315,A,92.29166,A,96.06557,80.76923000000001,100,0.0
,6.0,,,,,,,,,,,,,,,,,,,,,,,,,,,,0.0,F,,,,,,6,,,,1.25,F,0.0,0.0,30,0.0
,370.5,8,10.0,5.0,20.0,3.0,15.5,3.0,16.5,5.0,20.0,5.0,17.25,4.0,16.75,2.0,17.0,2.5,20.0,2.0,20.0,3.0,18.0,22.0,40.0,,,Complete,88.33333,B,27.0,40.0,,,,8,0.0,78.10526,C,77.1875,C,92.62295,47.6923,40,0.0
,452.5,10,10.0,4.5,20.0,4.0,18.5,5.0,15.0,4.5,20.0,5.0,20.0,4.5,20.0,5.0,20.0,5.0,20.0,3.5,20.0,5.0,20.0,44.0,49.0,5.0,,Complete,92.91666,A,29.0,49.5,,,,16,0.5,94.21051999999999,A,94.27083,A,104.26229000000001,71.53846,80,0.5
,400.0,10,9.0,4.0,20.0,3.0,16.0,5.0,18.5,5.0,20.0,5.0,19.0,5.0,17.0,3.0,16.0,5.0,18.0,4.0,20.0,0.0,0.0,39.0,45.0,,,,92.08333,A,27.0,47.5,,,,19,,,B,83.33333,B,91.14754,64.61538,95,0.0
,487.25,9,10.0,4.5,20.0,5.0,19.5,5.0,18.75,5.0,20.0,5.0,18.0,4.5,19.0,4.5,18.5,5.0,20.0,5.0,20.0,5.0,19.0,59.0,59.0,5.0,,Complete,97.29166,A,30.0,49.0,,,,20,5.0,101.52631,A,101.51041,A,105.0,90.76923000000001,100,5.0
,367.0,6,7.0,1.5,19.0,0.0,19.0,1.0,15.5,5.0,18.0,4.0,17.0,5.0,19.0,5.0,16.5,0.0,0.0,2.5,20.0,4.0,18.0,27.0,38.0,0.0,,Complete,76.66666,C,29.0,50.0,,,,20,0.0,,C,76.45833,C,88.19672,50.0,100,0.0
,432.0,10,10.0,5.0,20.0,5.0,18.0,5.0,17.5,5.0,18.0,5.0,19.0,5.0,19.0,5.0,19.0,5.0,20.0,0.0,0.0,5.0,16.5,50.0,54.0,,,Complete,94.58333,A,27.0,49.0,,,,20,,90.94736,A,90.0,A,94.42622,80.0,100,0.0
,409.5,9,10.0,4.5,20.0,5.0,20.0,5.0,18.5,4.0,19.0,5.0,20.0,2.0,18.0,2.5,17.0,3.0,20.0,5.0,19.0,0.0,20.0,36.0,38.0,,,Complete,95.83333,A,29.0,45.0,,,,15,,86.31578,B,85.3125,B,98.85245,56.923069999999996,75,0.0
,481.5,10,10.0,4.0,20.0,5.0,20.0,5.0,19.5,5.0,20.0,4.0,19.5,5.0,20.0,5.0,19.5,5.0,20.0,5.0,20.0,5.0,18.0,53.0,60.0,5.0,,Complete,98.75,A,30.0,49.0,,,,20,,101.36842,A,100.3125,A,106.06557,86.92307,100,0.0
,419.0,8,8.0,0.0,0.0,5.0,17.0,5.0,12.5,4.0,20.0,5.0,17.0,4.0,20.0,4.0,20.0,3.0,20.0,5.0,20.0,5.0,20.0,45.0,55.0,5.0,,Complete,66.25,D,29.5,50.0,,,,12,,,B,87.29166,B,93.77049,76.92307,60,0.0
,394.5,10,10.0,4.5,18.0,2.0,16.5,3.0,15.0,,,5.0,20.0,4.5,19.0,5.0,19.0,2.5,20.0,3.0,20.0,5.0,20.0,39.0,47.0,,,,65.83333,D,29.0,49.5,,,,8,,83.05263000000001,B,82.1875,B,91.96721,66.15384,40,0.0
,436.5,8,9.0,0.0,19.0,5.0,19.0,5.0,18.0,4.5,18.0,5.0,19.0,3.5,17.5,5.0,17.0,3.5,19.5,4.0,20.0,4.5,19.0,45.0,50.0,5.0,,Complete,87.91666,B,25.0,48.5,,,,20,,91.89473000000001,A,90.9375,A,98.19672,73.07692,100,0.0
,379.25,,10.0,1.5,19.0,5.0,18.0,5.0,19.0,3.0,16.0,2.0,17.0,3.5,17.0,3.0,18.0,3.0,17.5,4.0,20.0,5.0,20.0,21.0,37.0,,,Complete,80.41666,B,28.75,47.0,,,,19,,79.8421,C,79.01041,C,95.81967,44.61538,95,0.0
,468.0,10,10.0,5.0,20.0,5.0,20.0,5.0,19.5,5.0,16.5,4.0,18.0,4.5,20.0,5.0,19.0,5.0,19.5,5.0,20.0,5.0,20.0,50.0,57.0,,,,96.66666,A,30.0,50.0,,,,20,,,A,97.5,A,105.2459,82.30769000000001,100,0.0
,367.75,,,0.0,19.0,4.0,19.0,0.0,0.0,0.0,0.0,5.0,18.0,4.0,14.25,4.5,18.5,5.0,17.0,5.0,19.0,5.0,17.0,52.0,51.0,,,,35.0,F,22.5,50.0,,,,18,,77.47368,C,76.61458,C,80.90163000000001,79.23076,90,0.0
,450.0,10,10.0,5.0,20.0,5.0,19.0,5.0,18.5,4.5,19.5,4.0,18.5,5.0,20.0,3.5,19.0,5.0,19.5,5.0,20.0,5.0,20.0,44.0,47.0,,,Complete,97.08333,A,30.0,48.0,,,,20,,94.73684,A,93.75,A,104.59016,70.0,100,0.0
,374.0,10,9.0,3.0,17.0,5.0,14.0,4.0,16.5,5.0,19.5,4.0,20.0,4.0,17.0,0.0,0.0,2.5,18.5,4.0,20.0,4.0,18.0,37.0,42.0,,,,85.83333,B,28.0,44.0,,,,8,,,C,77.91666,C,87.86885,60.76923000000001,40,0.0
,433.5,,9.0,4.5,20.0,5.0,19.0,5.0,17.0,5.0,18.0,5.0,20.0,4.0,18.0,5.0,19.0,4.5,16.0,4.0,20.0,4.5,18.0,50.0,45.0,,,,85.41666,B,30.0,48.0,,,,20,,,A,90.3125,A,101.4754,73.07692,100,0.0
,453.0,9,10.0,5.0,20.0,5.0,18.0,5.0,16.0,5.0,20.0,5.0,18.0,5.0,19.5,5.0,18.5,5.0,20.0,5.0,20.0,5.0,20.0,46.0,48.0,0.0,,Complete,94.16666,C,30.0,50.0,,,,20,,,A,94.375,A,104.91803,72.30769000000001,100,0.0
,6.0,,,,,,,,,,,,,,,,,,,,,,,,,,,,0.0,F,,,,,,6,,,,1.25,F,0.0,0.0,30,0.0
,333.0,9,10.0,4.0,20.0,3.0,19.0,4.0,18.0,5.0,19.0,3.5,18.5,5.0,18.5,5.0,19.5,0.0,10.0,0.0,0.0,0.0,0.0,42.0,0.0,,,Complete,92.5,A,30.0,50.0,,,,20,,70.10526,C,69.375,D,82.62295,32.30769,100,0.0
,456.0,9,10.0,5.0,20.0,3.0,18.0,5.0,18.5,3.0,19.0,5.0,20.0,5.0,17.0,5.0,18.5,5.0,19.0,3.0,20.0,5.0,20.0,53.0,50.0,5.0,,Complete,92.08333,B,30.0,50.0,,,,14,1.0,91.78947,A,95.0,A,102.95081,79.23076,70,1.0
,459.5,9,10.0,5.0,20.0,5.0,20.0,5.0,19.5,5.0,19.5,5.0,20.0,5.0,19.5,5.0,20.0,5.0,20.0,4.0,20.0,5.0,20.0,46.0,48.0,,,,98.33333,A,30.0,49.0,,,,20,,,A,95.72916,A,107.04918,72.30769000000001,100,0.0
,473.0,10,10.0,2.5,19.0,5.0,20.0,5.0,18.0,5.0,20.0,5.0,18.5,5.0,19.0,5.0,18.5,5.0,20.0,5.0,20.0,4.5,19.0,57.0,60.0,,,Complete,95.41666,A,28.0,49.0,,,,20,,99.57894,A,98.54166,A,103.60655,90.0,100,0.0
,446.5,8,10.0,5.0,20.0,5.0,20.0,5.0,20.0,5.0,20.0,5.0,19.0,5.0,20.0,4.5,18.0,5.0,17.5,4.0,20.0,5.0,19.0,44.0,54.0,,,Complete,98.33333,A,27.0,48.5,,,,13,,94.0,A,93.02083,A,104.09836,75.38461,65,0.0
,427.5,8,10.0,5.0,20.0,3.0,19.0,5.0,18.0,5.0,20.0,5.0,17.5,4.5,18.0,4.0,19.5,5.0,19.0,5.0,20.0,5.0,18.0,39.0,34.0,5.0,,Complete,94.16666,A,30.0,50.0,,,,16,0.0,89.05263000000001,A,89.0625,B,103.44261999999999,56.15384,80,0.0
,425.5,9,9.0,4.5,20.0,5.0,18.0,5.0,18.5,5.0,19.0,5.0,19.0,3.0,19.0,0.0,0.0,4.5,18.0,5.0,20.0,4.0,19.0,53.0,55.0,,,,94.16666,A,24.0,46.0,,,,18,,,A,88.64583,B,92.29508,83.07692,90,0.0
,434.0,8,10.0,3.0,19.0,3.0,16.0,5.0,19.0,5.0,19.5,4.0,18.0,4.5,19.0,4.0,18.5,4.75,17.5,3.0,20.0,5.0,20.0,43.0,48.0,5.0,,Complete,89.58333,A,24.25,48.0,,,,20,,91.36842,A,90.41666,A,98.36065,70.0,100,0.0
,464.5,10,9.0,5.0,19.0,5.0,20.0,5.0,18.5,5.0,19.0,5.0,19.0,5.0,20.0,5.0,20.0,5.0,20.0,0.0,20.0,5.0,20.0,53.0,52.0,,,Complete,96.25,A,30.0,50.0,,,,20,,97.78947,A,96.77083,A,105.08196000000001,80.76923000000001,100,0.0
,447.5,10,10.0,5.0,19.0,5.0,18.5,5.0,19.5,5.0,20.0,4.0,17.0,5.0,20.0,5.0,19.5,4.5,19.5,4.0,20.0,5.0,20.0,48.0,47.0,,,,97.5,A,30.0,50.0,,,,12,,93.78947,A,93.22916,A,105.08196000000001,73.07692,60,0.0
,411.5,,,5.0,20.0,3.0,17.0,5.0,18.0,5.0,19.5,5.0,20.0,4.0,20.0,3.0,18.5,4.5,19.0,4.0,20.0,5.0,20.0,31.0,44.0,5.0,,Complete,77.08333,C,27.0,50.0,,,,19,,,B,85.72916,B,102.45900999999999,57.6923,95,0.0
,245.0,9,10.0,5.0,20.0,5.0,14.5,0.0,0.0,5.0,20.0,4.0,18.0,4.5,19.0,3.0,20.0,,,,,,,50.0,0.0,,,,73.75,F,24.0,0.0,10/31/19,,,14,,51.57894,F,51.04166,F,53.11475,38.461529999999996,70,0.0
,6.0,,,,,,,,,,,,,,,,,,,,,,,,,,,,0.0,F,,,,,,6,,,,1.25,F,0.0,0.0,30,0.0
,447.0,7,7.0,5.0,16.0,5.0,18.0,5.0,19.5,3.5,20.0,5.0,19.0,5.0,20.0,5.0,18.0,4.5,20.0,5.0,20.0,5.0,19.0,49.0,52.0,,,Needs Grading,88.33333,B,27.5,47.0,,,,20,,94.10526,A,93.125,A,102.29508,77.6923,100,0.0
,423.5,9,9.0,5.0,20.0,5.0,19.0,4.0,19.0,5.0,19.5,5.0,20.0,5.0,20.0,5.0,18.0,5.0,20.0,5.0,20.0,0.0,0.0,47.0,37.0,5.0,,Complete,95.41666,A,27.0,50.0,,,,20,,,B,88.22916,B,97.21311,64.61538,100,0.0
,404.5,8,8.0,3.5,19.5,5.0,17.0,5.0,20.0,5.0,20.0,5.0,19.0,4.5,18.0,1.5,18.5,5.0,20.0,4.5,20.0,5.0,20.0,29.0,30.0,,,Complete,92.5,A,23.5,50.0,,,,20,,85.26315,B,84.27083,B,101.4754,45.384609999999995,100,0.0
,446.0,9,10.0,5.0,18.0,3.0,16.0,5.0,20.0,5.0,20.0,5.0,20.0,5.0,19.0,5.0,20.0,4.5,20.0,4.0,20.0,5.0,20.0,47.0,41.0,,,Complete,92.5,A,30.0,49.5,,,,20,0.0,93.89473000000001,A,92.91666,A,104.59016,67.6923,100,0.0
,452.5,9,8.0,3.5,20.0,5.0,18.0,5.0,18.0,5.0,20.0,5.0,20.0,4.5,19.0,5.0,20.0,4.5,20.0,5.0,20.0,4.5,20.0,45.0,50.0,,,Complete,92.91666,A,29.0,49.5,,,,20,,95.26315,A,94.27083,A,105.08196000000001,73.07692,100,0.0
,422.5,9,9.0,3.5,19.0,3.0,18.0,5.0,17.5,5.0,20.0,5.0,20.0,5.0,18.0,4.0,16.5,4.0,19.0,4.5,20.0,4.5,17.0,40.0,41.0,,,Complete,90.83333,A,27.5,47.5,,,,20,,88.94736,B,88.02083,B,99.50819,62.30769,100,0.0
,383.25,,,5.0,20.0,5.0,20.0,5.0,15.5,5.0,20.0,5.0,17.75,0.0,0.0,4.5,17.0,3.5,17.0,3.5,20.0,4.5,18.0,44.0,38.0,5.0,,Complete,79.58333,F,30.0,50.0,,,,10,,79.63157,B,79.84375,C,93.85245,63.076919999999994,50,0.0
,415.5,9,10.0,5.0,20.0,3.0,18.0,3.0,18.0,0.0,0.0,4.0,20.0,4.0,19.0,4.5,15.0,3.5,18.0,5.0,20.0,5.0,19.0,43.0,58.0,5.0,,Complete,71.66666,C,23.5,47.0,,,,16,0.0,,B,86.5625,B,90.0,77.6923,80,0.0
,404.75,9,10.0,5.0,20.0,5.0,16.5,4.0,13.5,4.5,18.5,5.0,17.0,3.5,19.0,3.0,19.5,0.0,0.0,4.0,20.0,5.0,20.0,39.0,44.0,,,Complete,88.33333,B,29.75,50.0,,,,20,,85.21051999999999,B,84.32291,B,92.70491,63.84615,100,0.0
,423.5,9,9.0,5.0,20.0,2.0,19.0,5.0,19.5,0.0,0.0,5.0,20.0,0.0,0.0,5.0,20.0,5.0,20.0,5.0,20.0,5.0,20.0,57.0,61.0,5.0,,Complete,73.75,C,30.0,45.0,,,,12,,,B,88.22916,B,88.68852,90.76923000000001,60,0.0
,400.5,8,9.0,4.5,19.0,1.0,17.0,3.0,19.0,3.5,20.0,3.0,18.0,3.5,19.0,3.0,18.5,4.0,17.0,2.5,20.0,5.0,19.0,35.0,35.0,,,,86.66666,B,28.0,47.0,,,,19,0.0,84.31578,B,83.4375,B,96.55736999999999,53.84615,95,0.0
,470.5,9,10.0,4.0,20.0,5.0,19.5,3.0,20.0,5.0,20.0,5.0,18.5,4.5,18.5,5.0,19.0,5.0,19.0,5.0,20.0,4.5,19.0,48.0,60.0,5.0,,Complete,96.25,A,30.0,49.0,,,,20,,99.05263000000001,A,98.02083,A,104.42622,83.07692,100,0.0
,368.25,10,10.0,5.0,20.0,4.0,18.0,5.0,20.0,5.0,20.0,5.0,18.75,5.0,18.5,3.5,19.0,0.0,0.0,3.5,20.0,5.0,20.0,33.0,37.0,,,,97.5,A,5.0,40.0,,,,18,,77.52631,C,76.71875,C,85.32786,53.84615,90,0.0
,394.0,9,10.0,4.5,13.0,3.0,15.0,5.0,17.0,5.0,20.0,5.0,20.0,4.5,19.0,,9.0,4.5,19.0,4.0,20.0,5.0,20.0,29.0,41.0,5.0,,,84.58333,B,24.0,47.5,,,,16,,81.89473000000001,B,82.08333,B,93.11475,53.84615,80,0.0
,400.0,10,10.0,5.0,20.0,5.0,18.0,4.0,18.0,4.0,20.0,4.0,19.0,4.5,19.0,0.0,0.0,0.0,9.5,5.0,20.0,5.0,20.0,51.0,50.0,,,,95.0,A,25.0,40.0,,,,14,,84.21051999999999,B,83.33333,B,86.88524,77.6923,70,0.0
,462.5,10,10.0,5.0,20.0,5.0,20.0,5.0,19.0,5.0,20.0,5.0,18.0,5.0,19.0,5.0,19.5,5.0,20.0,5.0,20.0,5.0,20.0,44.0,56.0,,,Complete,99.16666,A,27.0,50.0,,,,20,,97.36842,A,96.35416,A,105.7377,76.92307,100,0.0
,447.5,8,9.0,5.0,20.0,5.0,18.0,5.0,19.5,5.0,20.0,5.0,19.0,4.5,20.0,4.0,17.5,5.0,19.0,5.0,20.0,5.0,20.0,38.0,51.0,,,,95.41666,A,30.0,50.0,,,,20,,94.21051999999999,A,93.22916,A,105.40983,68.46153000000001,100,0.0
,462.0,8,10.0,5.0,18.0,5.0,19.0,5.0,18.0,5.0,20.0,4.0,18.0,5.0,19.5,5.0,19.0,5.0,20.0,5.0,20.0,5.0,18.5,51.0,53.0,5.0,,Complete,94.16666,A,28.0,48.0,,,,20,0.0,97.26315,A,96.25,A,103.27868000000001,80.0,100,0.0
,467.0,10,9.0,5.0,19.0,4.0,19.0,5.0,17.5,5.0,20.0,4.0,19.0,5.0,18.0,5.0,16.5,4.5,18.5,4.0,20.0,5.0,20.0,55.0,59.0,,,Complete,94.58333,A,30.0,50.0,,,,20,,98.31578,A,97.29166,A,102.95081,87.6923,100,0.0
,447.5,10,10.0,2.5,18.0,1.0,19.5,4.0,19.0,4.0,20.0,4.0,16.0,4.0,20.0,5.0,20.0,5.0,20.0,4.5,20.0,5.0,20.0,39.0,47.0,5.0,,Complete,90.0,B,30.0,50.0,,,,20,5.0,,A,93.22916,A,102.13114,66.15384,100,5.0
,447.0,10,10.0,3.5,20.0,5.0,20.0,5.0,16.5,5.0,20.0,5.0,20.0,4.5,18.5,5.0,19.5,5.0,20.0,5.0,20.0,0.0,0.0,55.0,57.0,,,Complete,95.83333,A,27.5,50.0,,,,20,,94.10526,A,93.125,A,96.72131,86.15384,100,0.0
,452.0,10,10.0,4.5,20.0,1.0,17.0,5.0,18.0,5.0,20.0,3.0,20.0,4.0,19.0,5.0,20.0,4.5,20.0,3.0,20.0,4.5,20.0,50.0,52.0,,,,92.08333,A,27.0,49.5,,,,20,,95.15789000000001,A,94.16666,A,101.63934,78.46153000000001,100,0.0
,385.5,9,8.0,2.5,19.0,4.0,13.0,5.0,17.5,5.0,17.0,5.0,17.5,4.5,17.0,3.0,17.0,2.5,19.0,2.0,20.0,1.5,19.0,36.0,39.0,,,,83.33333,B,17.5,47.0,,,,18,,,B,80.3125,B,90.32786,57.6923,90,0.0
,469.5,10,8.0,5.0,19.0,5.0,19.0,5.0,20.0,5.0,20.0,5.0,20.0,4.5,20.0,5.0,18.5,3.5,20.0,4.0,20.0,5.0,20.0,49.0,61.0,,,,96.66666,A,30.0,50.0,,,,18,,,A,97.8125,A,106.06557,84.61538,90,0.0
,370.0,10,8.0,5.0,20.0,4.0,18.0,5.0,19.0,0.0,0.0,5.0,18.0,5.0,20.0,4.0,18.0,,,5.0,20.0,5.0,20.0,34.0,40.0,,,,74.16666,C,25.0,50.0,,,,12,,77.89473000000001,C,77.08333,C,87.21311,56.923069999999996,60,0.0
,398.5,9,9.0,4.5,20.0,1.0,19.0,3.0,18.5,5.0,19.0,5.0,20.0,5.0,19.0,0.0,0.0,3.0,20.0,5.0,20.0,5.0,20.0,35.0,38.0,,,Complete,90.0,B,29.5,47.0,,,,19,0.0,83.89473000000001,B,83.02083,B,94.59016,56.15384,95,0.0
,432.25,,10.0,5.0,20.0,5.0,18.0,5.0,19.0,5.0,19.0,5.0,19.25,4.5,16.5,4.5,18.5,5.0,20.0,4.5,20.0,5.0,20.0,41.0,43.0,,,Complete,88.33333,B,29.5,50.0,,,,20,,91.0,A,90.05208,A,104.34425999999999,64.61538,100,0.0
,464.5,10,10.0,5.0,20.0,5.0,20.0,5.0,18.5,5.0,19.0,5.0,19.0,5.0,20.0,4.0,20.0,5.0,20.0,5.0,20.0,5.0,20.0,45.0,49.0,5.0,,Complete,97.91666,A,30.0,50.0,,,,20,,,A,96.77083,A,106.72131,72.30769000000001,100,0.0
,428.5,8,10.0,5.0,20.0,5.0,16.0,3.0,16.5,5.0,18.0,5.0,19.0,4.0,17.0,4.0,19.0,5.0,16.0,5.0,20.0,4.5,19.0,47.0,42.0,4.0,,Complete,88.75,B,23.5,48.0,,,,20,,,A,89.27083,B,97.54098,68.46153000000001,100,0.0
,430.5,9,9.0,5.0,20.0,1.0,19.0,4.0,18.5,5.0,20.0,4.0,18.0,4.0,20.0,5.0,19.5,4.0,20.0,3.5,20.0,5.0,20.0,34.0,40.0,,,Complete,92.08333,A,30.0,50.0,,,,20,3.0,,A,89.6875,B,103.44261999999999,56.923069999999996,100,3.0
,408.0,9,9.0,4.5,20.0,2.0,20.0,0.0,0.0,5.0,18.0,5.0,18.5,4.5,18.0,4.0,19.0,4.5,19.0,3.5,20.0,4.5,18.0,48.0,38.0,,,Complete,72.91666,C,28.5,47.5,,,,20,,85.89473000000001,B,85.0,B,93.11475,66.15384,100,0.0
,385.0,9,10.0,4.0,20.0,5.0,20.0,4.0,18.5,4.5,18.0,0.0,0.0,4.5,19.0,5.0,19.5,0.0,0.0,4.0,20.0,4.0,15.0,38.0,53.0,5.0,,,94.16666,B,29.0,48.0,,,,8,,81.05263000000001,B,80.20833,B,85.90163000000001,70.0,40,0.0
,423.0,6,10.0,5.0,16.0,4.0,20.0,5.0,19.0,5.0,20.0,4.0,20.0,5.0,19.0,4.0,19.0,5.0,20.0,5.0,20.0,5.0,20.0,34.0,43.0,,,Complete,91.66666,B,30.0,49.0,,,,11,,89.05263000000001,B,88.125,B,104.59016,59.23076,55,0.0
,414.0,10,10.0,3.0,20.0,5.0,19.0,5.0,18.5,4.5,19.0,4.5,18.5,4.5,18.5,3.5,19.0,5.0,18.5,4.0,20.0,5.0,18.0,30.0,34.0,5.0,,,95.0,A,25.0,47.0,,,,20,,87.15789000000001,B,86.25,B,100.0,49.23076,100,0.0
,366.5,10,9.0,3.0,19.0,5.0,18.0,5.0,16.5,5.0,20.0,5.0,19.0,5.0,17.0,3.0,16.0,3.0,19.0,5.0,20.0,5.0,19.0,42.0,40.0,5.0,,Complete,92.08333,B,25.0,0.0,,,,8,,,C,76.35416,C,82.78688000000001,63.076919999999994,40,0.0
,421.0,8,10.0,5.0,20.0,5.0,19.0,4.0,19.0,5.0,20.0,4.0,19.0,0.0,0.0,5.0,17.5,3.0,19.5,4.0,20.0,5.0,20.0,47.0,48.0,,,Complete,95.83333,A,30.0,50.0,,,,14,0.0,88.63157,B,87.70833,B,96.39344,73.07692,70,0.0
,463.5,10,10.0,5.0,17.0,5.0,19.0,5.0,18.5,5.0,20.0,4.0,19.0,5.0,19.5,5.0,19.5,5.0,20.0,2.5,20.0,5.0,19.5,46.0,54.0,5.0,,Complete,95.41666,A,30.0,50.0,,,,20,,97.57894,A,96.5625,A,104.42622,76.92307,100,0.0
,461.5,10,10.0,4.5,20.0,3.0,20.0,5.0,18.5,5.0,20.0,5.0,18.0,3.0,19.0,5.0,17.0,5.0,20.0,5.0,20.0,2.5,19.0,52.0,51.0,5.0,,Complete,96.66666,A,30.0,49.0,,,,20,,,A,96.14583,A,102.78688000000001,79.23076,100,0.0
,475.5,9,10.0,5.0,20.0,5.0,19.0,5.0,19.0,5.0,20.0,5.0,19.5,5.0,20.0,5.0,18.0,5.0,20.0,4.0,20.0,4.0,19.0,52.0,63.0,,,Complete,97.5,A,30.0,49.0,,,,20,,100.10526,A,99.0625,A,105.40983,88.46153000000001,100,0.0
,415.0,9,10.0,5.0,19.0,4.0,18.0,5.0,17.0,4.5,20.0,5.0,19.0,4.5,19.0,5.0,19.5,5.0,19.0,5.0,20.0,0.0,0.0,40.0,45.0,,,Complete,92.91666,A,27.5,50.0,,,,20,,87.36842,B,86.45833,B,95.40983,65.38461,100,0.0
,311.5,9,10.0,4.0,20.0,1.0,16.0,3.0,16.5,2.5,17.0,5.0,19.0,0.0,0.0,0.0,5.0,0.0,9.0,3.0,20.0,0.0,6.5,32.0,33.0,,,,82.5,B,23.0,37.0,,,,20,,65.57894,D,64.89583,D,68.03278,50.0,100,0.0
,372.0,,,0.0,0.0,3.0,19.0,5.0,18.0,5.0,19.5,3.0,18.0,4.5,20.0,4.0,20.0,3.0,18.0,4.0,20.0,5.0,20.0,39.0,42.0,,,,57.91666,D,30.0,32.0,,,,20,,,C,77.5,C,88.85245,62.30769,100,0.0
,459.0,8,10.0,5.0,20.0,5.0,19.5,4.0,16.5,5.0,20.0,4.0,19.5,4.5,19.0,5.0,20.0,4.0,20.0,4.0,20.0,5.0,20.0,51.0,53.0,,,Complete,94.16666,A,27.0,50.0,,,,20,,96.63157,A,95.625,A,103.93441999999999,80.0,100,0.0
,386.5,0,0.0,0.0,0.0,5.0,18.0,5.0,18.5,0.0,0.0,4.0,17.5,5.0,20.0,5.0,19.5,5.0,19.0,4.0,20.0,4.0,18.0,49.0,56.0,,,Complete,38.75,F,30.0,46.0,,,,18,0.0,81.36842,B,80.52083,B,86.39344,80.76923000000001,90,0.0
,6.0,,,,,,,,,,,,,,,,,,,,,,,,,,,,0.0,F,,,,,,6,,,,1.25,F,0.0,0.0,30,0.0
,416.5,9,10.0,5.0,20.0,3.0,16.0,5.0,18.5,3.0,19.0,5.0,17.0,4.5,17.0,3.5,18.0,3.0,19.0,5.0,20.0,5.0,20.0,35.0,39.0,5.0,,Complete,90.41666,B,27.5,49.0,,,,13,2.5,87.68421,B,86.77083,B,99.34425999999999,56.923069999999996,65,2.5
,330.5,,,5.0,20.0,3.0,20.0,0.0,0.0,4.5,20.0,5.0,20.0,4.5,19.0,,,,,5.0,20.0,5.0,20.0,39.0,51.0,,,,60.41666,D,15.0,37.5,,,,17,,69.57894,C,68.85416,D,73.27868000000001,69.23076,85,0.0
,406.0,9,9.0,4.5,18.5,5.0,18.0,0.0,18.0,5.0,19.0,5.0,18.5,4.5,18.5,4.0,19.5,0.0,15.0,4.5,20.0,2.5,17.0,37.0,40.0,,,Complete,88.33333,B,27.0,50.0,,,,17,,85.47368,B,84.58333,B,96.39344,59.23076,85,0.0
,6.0,,,,,,,,,,,,,,,,,,,,,,,,,,,,0.0,F,,,,,,6,,,,1.25,F,0.0,0.0,30,0.0
,449.5,8,10.0,4.5,20.0,5.0,17.0,5.0,20.0,5.0,20.0,5.0,20.0,4.5,19.0,5.0,20.0,4.0,20.0,4.0,20.0,5.0,20.0,39.0,47.0,5.0,,Complete,95.41666,A,27.0,49.5,,,,20,1.0,93.57894,A,93.64583,A,104.75409,66.15384,100,1.0
,447.5,8,9.0,5.0,18.0,5.0,18.0,5.0,18.5,4.0,20.0,3.5,18.0,5.0,20.0,5.0,19.0,3.5,19.5,4.0,20.0,5.0,18.5,48.0,54.0,,,,92.08333,A,28.0,46.0,,,,20,,94.21051999999999,A,93.22916,A,101.14754,78.46153000000001,100,0.0
,462.0,10,10.0,5.0,20.0,5.0,18.5,5.0,20.0,5.0,20.0,5.0,19.0,5.0,19.0,4.5,18.5,5.0,20.0,4.5,20.0,4.0,20.0,50.0,53.0,,,Complete,98.75,A,27.0,49.0,,,,20,,97.26315,A,96.25,A,104.59016,79.23076,100,0.0
,462.5,10,10.0,5.0,20.0,5.0,20.0,5.0,20.0,5.0,20.0,5.0,20.0,5.0,20.0,5.0,20.0,5.0,19.5,5.0,20.0,0.0,0.0,62.0,61.0,,,Complete,100.0,A,25.0,45.0,,,,20,5.0,97.36842,A,96.35416,A,96.55736999999999,94.61538,100,5.0
,421.5,9,10.0,5.0,20.0,5.0,20.0,5.0,20.0,5.0,20.0,5.0,19.0,4.0,20.0,4.5,18.0,5.0,17.5,4.0,20.0,5.0,19.0,32.0,40.0,,,,99.16666,A,29.5,43.0,,,,17,,88.73684,B,87.8125,B,102.78688000000001,55.384609999999995,85,0.0
,423.0,8,10.0,4.5,20.0,3.0,19.0,5.0,15.5,5.0,20.0,4.5,18.0,4.0,20.0,5.0,19.5,5.0,19.5,4.0,20.0,5.0,20.0,31.0,37.0,5.0,,,91.66666,B,30.0,49.5,,,,16,,89.05263000000001,B,88.125,B,103.60655,52.30769,80,0.0
,62.5,8,9.0,4.5,17.0,1.0,17.0,0.0,0.0,,,,,,,,,,,,,,,,,,,,47.08333,F,,,,,,6,,13.15789,F,13.02083,F,12.95081,0.0,30,0.0
,464.5,9,10.0,5.0,20.0,5.0,20.0,5.0,17.25,5.0,18.5,5.0,18.5,4.5,16.75,4.5,18.5,5.0,18.0,5.0,20.0,5.0,20.0,51.0,48.0,5.0,,Complete,95.625,A,30.0,50.0,,,,20,5.0,96.8421,A,96.77083,A,103.77049,76.15384,100,5.0
,428.5,10,10.0,4.0,19.0,5.0,20.0,0.0,17.5,5.0,19.5,4.0,19.0,4.5,19.5,4.0,18.0,3.5,20.0,4.0,20.0,5.0,19.0,35.0,40.0,5.0,,Complete,91.66666,A,30.0,50.0,,,,18,,90.21051999999999,A,89.27083,B,101.80327,57.6923,90,0.0
,413.5,9,10.0,5.0,20.0,3.0,17.0,4.0,17.0,5.0,19.0,5.0,18.5,5.0,17.0,0.0,0.0,4.0,18.0,5.0,20.0,4.0,19.0,47.0,50.0,,,Complete,90.83333,B,25.0,47.0,,,,20,,,B,86.14583,B,90.9836,74.61538,100,0.0
,406.0,9,7.0,5.0,20.0,1.0,19.0,5.0,20.0,5.0,20.0,0.0,10.0,0.0,0.0,5.0,19.5,2.5,20.0,2.0,20.0,5.0,20.0,44.0,55.0,,,,92.5,A,27.0,45.0,,,,20,,,B,84.58333,B,88.85245,76.15384,100,0.0
,402.0,8,10.0,3.0,19.0,5.0,19.0,4.0,19.5,4.0,19.0,4.5,18.5,5.0,18.5,4.0,18.0,1.5,19.0,3.0,20.0,5.0,18.5,31.0,40.0,,,Complete,92.08333,A,26.0,45.0,,,,14,,84.63157,B,83.75,B,98.03278,54.61538,70,0.0
,439.0,10,10.0,4.0,17.0,5.0,18.5,5.0,17.0,4.5,19.0,3.0,18.5,5.0,19.0,4.5,18.5,2.0,19.0,3.0,20.0,5.0,18.5,48.0,48.0,,,,91.66666,A,29.0,48.0,,,,20,,92.42105,A,91.45833,A,99.34425999999999,73.84615,100,0.0
,6.0,,,,,,,,,,,,,,,,,,,,,,,,,,,,0.0,F,,,,,,6,,,,1.25,F,0.0,0.0,30,0.0
,429.0,4,8.0,5.0,18.5,1.0,19.0,5.0,19.5,2.5,19.0,5.0,20.0,3.0,17.0,4.0,19.5,5.0,19.0,1.5,20.0,4.0,19.0,43.0,49.0,,,,84.58333,B,29.5,50.0,,,,19,,90.31578,A,89.375,B,100.32786,70.76923000000001,95,0.0
,212.0,10,10.0,4.0,18.0,3.0,15.0,2.0,16.0,3.5,19.0,5.0,15.0,0.0,0.0,4.0,17.5,0.0,0.0,0.0,0.0,0.0,0.0,46.0,0.0,,,Complete,83.75,B,13.0,0.0,,,,11,,,,44.16666,F,44.26229,35.384609999999995,55,0.0
,407.5,8,10.0,4.5,19.0,4.0,17.0,4.0,17.0,5.0,19.0,4.0,19.0,4.5,16.5,0.0,8.5,2.5,19.0,4.0,20.0,5.0,17.0,47.0,49.0,,,,89.58333,A,29.0,35.0,,,,20,,85.78947,B,84.89583,B,89.67213000000001,73.84615,100,0.0
,68.0,8,9.0,4.5,16.0,5.0,17.5,0.0,0.0,0.0,0.0,0.0,0.0,0.0,0.0,0.0,0.0,0.0,0.0,0.0,0.0,0.0,0.0,0.0,0.0,0.0,,,50.0,F,0.0,0.0,,,,8,,,,14.16666,F,14.098360000000001,0.0,40,0.0
,356.75,10,10.0,5.0,19.5,0.0,18.0,5.0,17.0,5.0,19.0,5.0,18.75,0.0,0.0,2.5,19.5,0.0,0.0,0.0,0.0,4.5,19.0,37.0,40.0,5.0,,,90.41666,B,27.0,50.0,,,,20,,74.10526,C,74.32291,C,76.96721,59.23076,100,0.0
,370.5,9,9.0,5.0,20.0,5.0,19.0,5.0,19.5,4.5,20.0,4.0,18.0,3.5,19.0,0.0,0.0,4.0,19.0,5.0,20.0,5.0,20.0,36.0,46.0,5.0,,Complete,96.66666,A,30.0,0.0,,,,20,,76.94736,C,77.1875,C,80.4918,63.076919999999994,100,0.0
,383.0,10,10.0,3.0,17.0,5.0,19.5,4.0,19.0,5.0,20.0,5.0,18.0,5.0,20.0,0.0,0.0,5.0,19.5,0.0,0.0,0.0,0.0,54.0,50.0,,,,93.75,A,29.0,48.0,,,,17,,80.63157,B,79.79166,C,79.34425999999999,80.0,85,0.0
,441.0,10,,5.0,16.0,5.0,20.0,5.0,19.5,5.0,20.0,5.0,20.0,4.5,20.0,5.0,19.0,5.0,20.0,4.0,20.0,5.0,20.0,38.0,50.0,,,Complete,87.91666,B,30.0,50.0,,,,20,,92.73684,A,91.875,A,105.90163000000001,67.6923,100,0.0
,391.0,8,10.0,5.0,20.0,3.0,15.0,3.0,15.5,5.0,19.0,5.0,17.75,3.0,15.75,3.5,17.0,4.0,19.0,2.0,20.0,4.5,18.0,37.0,38.0,,,Complete,86.25,B,26.0,44.0,,,,13,,82.31578,B,81.45833,B,93.44261999999999,57.6923,65,0.0
,34.0,0,0.0,0.0,0.0,0.0,0.0,0.0,0.0,5.0,20.0,0.0,0.0,0.0,0.0,0.0,0.0,0.0,0.0,0.0,0.0,0.0,0.0,0.0,0.0,0.0,,,20.83333,F,0.0,0.0,,,,9,,,,7.08333,F,8.19672,0.0,45,0.0
,386.0,9,10.0,5.0,20.0,5.0,19.0,5.0,18.0,5.0,19.0,5.0,20.0,0.0,0.0,0.0,0.0,4.0,17.0,2.0,20.0,5.0,19.0,44.0,44.0,,,,95.83333,A,29.0,42.0,,,,20,,,B,80.41666,B,84.91803,67.6923,100,0.0
,439.0,8,10.0,3.0,19.0,5.0,18.0,5.0,19.0,5.0,20.0,5.0,19.0,5.0,17.0,5.0,17.0,5.0,19.0,5.0,20.0,4.5,19.0,40.0,49.0,5.0,,,93.33333,A,24.5,48.0,,,,20,,,A,91.45833,A,100.65573,68.46153000000001,100,0.0
,472.0,10,9.0,5.0,18.0,4.5,18.0,5.0,18.5,5.0,20.0,5.0,20.0,4.5,19.0,5.0,20.0,5.0,20.0,5.0,20.0,4.0,20.0,55.0,57.0,,,Complete,94.16666,A,30.0,49.5,,,,20,0.0,99.36842,A,98.33333,A,105.2459,86.15384,100,0.0
,379.5,9,8.0,4.0,20.0,3.0,16.0,5.0,19.0,4.0,15.0,5.0,20.0,0.0,0.0,4.0,15.5,1.0,19.0,3.5,20.0,4.5,18.0,28.0,38.0,,,Complete,85.83333,B,30.0,50.0,,,,20,0.0,79.89473000000001,B,79.0625,C,90.65573,50.76923,100,0.0
,470.75,10,10.0,5.0,20.0,3.0,20.0,5.0,19.0,5.0,20.0,5.0,18.0,4.5,18.0,5.0,19.5,4.75,20.0,5.0,20.0,5.0,20.0,53.0,58.0,,,Complete,97.5,A,28.0,50.0,,,,20,,99.10526,A,98.07291,A,104.83606,85.38461,100,0.0
,432.5,8,10.0,4.0,20.0,4.0,19.0,5.0,19.0,4.0,18.5,4.0,18.0,4.0,20.0,4.0,19.5,3.5,19.5,3.5,20.0,3.0,18.0,42.0,46.0,5.0,,Complete,92.91666,B,27.0,46.0,,,,18,,91.05263000000001,A,90.10416,A,99.50819,67.6923,90,0.0
,465.5,8,10.0,4.0,20.0,5.0,20.0,4.0,18.0,5.0,20.0,5.0,18.0,5.0,19.5,4.0,19.0,5.0,20.0,3.5,20.0,4.0,18.5,49.0,56.0,5.0,,Complete,95.0,A,30.0,50.0,,,,20,,98.0,A,96.97916,A,104.09836,80.76923000000001,100,0.0
,446.75,10,8.0,4.0,19.0,5.0,20.0,5.0,19.0,5.0,19.0,5.0,18.25,4.5,18.5,4.5,19.0,5.0,20.0,5.0,20.0,5.0,19.0,45.0,34.0,5.0,,Complete,95.0,A,30.0,50.0,,,,20,5.0,93.05263000000001,A,93.07291,A,104.83606,60.76923000000001,100,5.0
,474.0,9,10.0,4.5,19.0,5.0,20.0,5.0,19.5,5.0,20.0,4.5,19.5,5.0,19.0,5.0,20.0,5.0,20.0,5.0,20.0,5.0,20.0,50.0,60.0,,,Complete,97.5,A,30.0,49.0,,,,20,,99.78947,A,98.75,A,106.55736999999999,84.61538,100,0.0
,476.0,10,10.0,5.0,17.0,4.0,20.0,5.0,19.5,4.5,20.0,5.0,20.0,5.0,20.0,5.0,19.5,5.0,19.5,5.0,20.0,5.0,20.0,54.0,58.0,,,Complete,95.83333,A,30.0,50.0,,,,20,,100.21051999999999,A,99.16666,A,106.2295,86.15384,100,0.0
,432.0,10,10.0,4.5,18.0,1.0,19.0,2.0,19.0,5.0,20.0,3.0,20.0,5.0,19.0,5.0,20.0,3.5,20.0,4.0,20.0,3.0,20.0,43.0,46.0,,,Complete,90.41666,B,29.0,48.0,,,,14,1.0,90.94736,A,90.0,A,100.9836,68.46153000000001,70,1.0
,427.5,10,9.0,4.5,18.0,2.5,17.5,5.0,18.0,5.0,20.0,4.0,20.0,4.0,19.0,5.0,19.0,5.0,20.0,4.0,20.0,5.0,20.0,39.0,37.0,,,Complete,91.25,A,27.0,50.0,,,,20,,90.0,A,89.0625,B,102.45900999999999,58.46153,100,0.0
,457.0,9,9.0,5.0,20.0,3.0,20.0,5.0,19.5,5.0,20.0,5.0,17.0,5.0,20.0,5.0,20.0,5.0,20.0,5.0,20.0,5.0,20.0,46.0,50.0,0.0,,Complete,96.25,A,29.5,49.0,,,,20,,,A,95.20833,A,105.90163000000001,73.84615,100,0.0
,125.0,10,8.0,0.0,0.0,3.0,20.0,5.0,19.0,0.0,0.0,5.0,19.0,0.0,0.0,,,,,,,,,,,,,Complete,54.16666,F,30.0,,,,,6,,,,26.04166,F,33.11475,0.0,30,0.0
,448.5,10,8.0,4.5,20.0,4.0,16.0,5.0,20.0,5.0,20.0,4.5,20.0,5.0,20.0,5.0,20.0,1.0,20.0,4.0,20.0,5.0,20.0,37.0,55.0,,,,93.75,A,30.0,49.5,,,,20,,94.42105,A,93.4375,A,104.42622,70.76923000000001,100,0.0
,428.0,9,10.0,5.0,20.0,5.0,20.0,5.0,18.0,5.0,20.0,5.0,19.0,4.5,19.0,5.0,18.0,5.0,20.0,4.0,20.0,0.0,0.0,42.0,52.0,5.0,,,97.5,A,26.5,50.0,,,,16,,,A,89.16666,B,96.39344,72.30769000000001,80,0.0
,463.5,8,10.0,5.0,19.0,5.0,18.0,4.0,18.5,5.0,20.0,4.0,20.0,0.0,18.0,5.0,19.5,5.0,19.5,5.0,20.0,5.0,19.0,55.0,56.0,,,Complete,93.75,A,30.0,50.0,,,,20,,,A,96.5625,A,103.11475,85.38461,100,0.0
,411.5,10,9.0,5.0,20.0,3.0,18.0,5.0,17.5,3.5,20.0,0.0,0.0,4.5,20.0,5.0,17.5,5.0,20.0,5.0,18.5,3.0,20.0,50.0,39.0,5.0,,,92.5,A,30.0,40.0,,,,18,,85.57894,B,85.72916,B,91.96721,68.46153000000001,90,0.0
,425.5,9,8.0,5.0,20.0,5.0,20.0,5.0,20.0,5.0,20.0,5.0,17.0,0.0,0.0,5.0,19.5,2.0,18.0,2.0,20.0,4.0,20.0,49.0,54.0,,,Complete,97.5,A,25.0,50.0,,,,18,,89.36842,B,88.64583,B,94.26229000000001,79.23076,90,0.0
,441.0,10,10.0,5.0,20.0,3.0,20.0,5.0,17.0,5.0,19.5,5.0,20.0,4.5,20.0,5.0,20.0,5.0,20.0,4.0,20.0,5.0,20.0,38.0,45.0,,,Complete,95.41666,A,30.0,49.0,,,,16,,,A,91.875,A,105.57377,63.84615,80,0.0
,447.5,10,9.0,5.0,20.0,3.0,19.0,3.5,19.0,4.5,20.0,4.0,18.0,5.0,19.0,5.0,18.5,5.0,20.0,5.0,20.0,5.0,20.0,45.0,49.0,,,Complete,94.16666,A,30.0,50.0,,,,16,,94.21051999999999,A,93.22916,A,104.42622,72.30769000000001,80,0.0
,488.5,10,10.0,5.0,20.0,5.0,20.0,5.0,18.5,5.0,20.0,5.0,19.0,5.0,19.0,5.0,20.0,5.0,20.0,5.0,20.0,5.0,20.0,58.0,63.0,0.0,,Complete,98.75,A,30.0,50.0,,,,20,1.0,,A,101.77083,A,107.04918,93.07692,100,1.0
,412.0,9,10.0,4.5,20.0,4.0,15.0,5.0,17.5,5.0,19.0,5.0,19.0,4.0,19.0,4.0,18.0,4.0,18.0,5.0,20.0,0.0,0.0,43.0,48.0,5.0,,Complete,90.83333,A,24.0,47.0,,,,20,0.0,,B,85.83333,B,90.81967,70.0,100,0.0
,426.0,10,10.0,2.5,20.0,5.0,19.0,5.0,20.0,5.0,20.0,5.0,18.0,4.5,20.0,5.0,19.0,5.0,0.0,5.0,20.0,5.0,20.0,48.0,52.0,,,,97.08333,A,27.0,39.0,,,,17,,,A,88.75,B,94.75409,76.92307,85,0.0
,444.0,10,9.0,4.5,17.0,5.0,20.0,4.0,19.0,5.0,20.0,5.0,19.5,4.5,19.0,5.0,18.0,5.0,20.0,4.0,20.0,4.5,19.0,38.0,49.0,0.0,,Complete,94.58333,A,30.0,50.0,,,,20,,,A,92.5,A,104.26229000000001,66.92307,100,0.0
,463.0,10,9.0,5.0,20.0,5.0,20.0,5.0,20.0,5.0,20.0,4.0,20.0,5.0,20.0,5.0,20.0,5.0,20.0,3.0,20.0,5.0,20.0,52.0,48.0,,,Complete,99.16666,A,27.0,50.0,,,,20,,,A,96.45833,A,106.2295,76.92307,100,0.0
,448.5,10,10.0,2.5,20.5,1.0,17.0,5.0,19.0,5.0,20.0,4.0,16.0,4.0,19.5,5.0,19.5,5.0,20.0,5.0,20.0,5.0,20.0,40.0,47.0,5.0,,Complete,91.66666,A,28.5,50.0,,,,20,5.0,,A,93.4375,A,102.13114,66.92307,100,5.0
,449.0,9,10.0,4.5,18.0,5.0,19.5,5.0,18.5,5.0,20.0,5.0,15.0,4.0,19.5,5.0,20.0,5.0,20.0,5.0,20.0,5.0,20.0,45.0,47.0,0.0,,Complete,95.41666,A,29.0,50.0,,,,20,0.0,,A,93.54166,A,104.26229000000001,70.76923000000001,100,0.0
,434.0,9,10.0,5.0,20.0,5.0,18.5,5.0,19.5,5.0,20.0,5.0,18.5,5.0,18.5,5.0,19.0,5.0,20.0,5.0,20.0,5.0,19.0,38.0,45.0,,,Complete,97.5,A,24.0,50.0,,,,15,,91.36842,A,90.41666,A,103.93441999999999,63.84615,75,0.0
,442.5,9,10.0,4.5,20.0,5.0,19.0,5.0,18.5,5.0,20.0,5.0,20.0,5.0,20.0,5.0,18.0,4.0,20.0,5.0,20.0,4.5,20.0,50.0,56.0,0.0,,,96.66666,A,29.0,25.0,,,,20,,,A,92.1875,A,97.54098,81.53846,100,0.0
,432.0,9,8.0,5.0,20.0,2.0,15.0,5.0,19.0,5.0,20.0,4.0,20.0,4.5,20.0,5.0,20.0,4.0,20.0,5.0,20.0,4.5,20.0,39.0,44.0,5.0,,Complete,90.0,B,22.0,47.0,,,,20,,89.89473000000001,A,90.0,A,100.65573,63.84615,100,0.0
,287.5,9,9.0,4.5,18.0,0.0,18.0,5.0,16.5,0.0,0.0,0.0,0.0,0.0,0.0,5.0,19.0,0.0,0.0,4.0,20.0,3.5,20.0,35.0,39.0,0.0,,,66.66666,D,0.0,45.0,,,,17,,,D,59.895830000000004,F,58.52459,56.923069999999996,85,0.0
,450.5,8,9.0,5.0,20.0,5.0,19.0,5.0,19.0,5.0,19.5,4.0,17.5,4.5,20.0,4.0,19.0,5.0,19.5,5.0,20.0,5.0,18.5,49.0,48.0,,,In Progress,95.41666,A,29.0,48.0,,,,20,,94.8421,A,93.85416,A,103.77049,74.61538,100,0.0
,399.5,10,10.0,5.0,20.0,3.0,20.0,5.0,19.5,5.0,20.0,5.0,19.0,5.0,20.0,5.0,18.5,1.5,20.0,4.0,20.0,0.0,0.0,48.0,48.0,,,,97.91666,A,30.0,28.0,,,,10,,,B,83.22916,B,89.67213000000001,73.84615,50,0.0
,382.5,8,10.0,5.0,20.0,5.0,19.5,5.0,18.0,5.0,19.5,5.0,18.0,5.0,20.0,0.0,0.0,5.0,18.5,0.0,0.0,0.0,0.0,54.0,56.0,,,Complete,95.83333,A,30.0,48.0,,,,8,0.0,80.52631,B,79.6875,C,80.81967,84.61538,40,0.0
,435.25,10,10.0,5.0,18.5,4.0,19.0,5.0,19.0,0.0,19.5,5.0,19.5,5.0,17.25,3.5,19.0,5.0,19.0,4.5,19.0,4.0,19.0,44.0,44.0,,,,91.66666,A,29.5,48.0,,,,20,,91.63157,A,90.67708,A,100.7377,67.6923,100,0.0
,428.25,8,10.0,5.0,19.0,5.0,19.0,5.0,18.25,4.0,18.5,5.0,19.0,0.0,18.0,2.25,18.25,5.0,20.0,4.0,20.0,5.0,18.0,34.0,48.0,,,Complete,93.125,A,30.0,50.0,,,,20,,90.15789000000001,A,89.21875,B,101.06557,63.076919999999994,100,0.0
,445.0,9,10.0,3.5,20.0,5.0,19.0,5.0,17.5,4.5,20.0,4.0,19.5,4.5,17.5,4.0,19.0,5.0,19.5,4.5,20.0,4.5,18.0,46.0,53.0,,,Complete,94.58333,A,24.5,48.0,,,,20,,93.68421,A,92.70833,A,100.65573,76.15384,100,0.0
,455.0,9,10.0,5.0,18.5,5.0,19.0,4.0,16.0,5.0,20.0,5.0,20.0,4.5,18.0,5.0,19.0,2.0,20.0,4.0,20.0,5.0,20.0,51.0,50.0,,,,92.91666,A,30.0,50.0,,,,20,0.0,,A,94.79166,A,103.27868000000001,77.6923,100,0.0
,447.0,7,9.0,5.0,20.0,5.0,20.0,4.0,19.0,5.0,17.5,5.0,18.0,3.5,19.0,4.0,19.0,4.0,19.0,4.0,20.0,5.0,20.0,47.0,47.0,,,Complete,92.91666,A,30.0,50.0,,,,20,1.0,,A,93.125,A,103.60655,72.30769000000001,100,1.0
,461.5,8,10.0,5.0,20.0,3.0,20.0,5.0,17.0,5.0,20.0,4.0,20.0,5.0,20.0,5.0,19.0,0.0,19.0,5.0,20.0,4.0,20.0,50.0,54.0,5.0,,Complete,94.16666,A,29.0,49.0,,,,20,0.5,97.15789000000001,A,96.14583,A,102.95081,80.0,100,0.5
,358.5,,,4.5,20.0,4.0,17.0,5.0,18.0,3.0,20.0,4.0,20.0,4.5,19.0,,9.0,,9.5,4.0,20.0,4.5,20.0,37.0,39.0,5.0,,Complete,76.25,C,23.0,38.5,,,,10,,74.42105,C,74.6875,C,87.70491,58.46153,50,0.0
,453.5,9,8.0,4.5,19.0,5.0,18.0,5.0,19.0,4.5,15.0,4.0,18.0,4.5,20.0,5.0,18.5,5.0,19.5,3.5,20.0,5.0,20.0,56.0,53.0,,,Complete,89.16666,B,26.5,50.0,,,,18,,95.47368,A,94.47916,A,101.4754,83.84615,90,0.0
,464.75,10,10.0,5.0,20.0,4.0,19.5,4.0,20.0,5.0,19.0,5.0,20.0,5.0,19.25,4.0,18.5,0.0,19.0,5.0,20.0,4.5,18.0,54.0,61.0,,,Complete,97.08333,A,30.0,50.0,,,,15,0.0,97.89473000000001,A,96.82291,A,103.19672,88.46153000000001,75,0.0
,398.25,8,9.0,5.0,19.0,5.0,18.5,5.0,14.0,4.5,20.0,4.5,17.0,4.0,20.0,0.0,0.0,4.75,19.5,4.0,19.5,5.0,20.0,42.0,40.0,,,Complete,90.0,A,20.0,50.0,,,,20,,83.8421,B,82.96875,B,91.55736999999999,63.076919999999994,100,0.0
,396.5,9,10.0,3.5,19.0,0.0,13.5,5.0,19.5,5.0,14.5,4.0,18.0,5.0,19.0,4.5,19.0,1.0,18.0,5.0,20.0,5.0,20.0,32.0,40.0,,,Complete,82.5,B,27.0,40.0,,,,20,0.0,83.47368,B,82.60416,B,93.60655,55.384609999999995,100,0.0
,467.5,10,10.0,5.0,20.0,3.0,19.0,5.0,20.0,5.0,20.0,4.0,20.0,5.0,20.0,5.0,19.0,4.5,20.0,5.0,20.0,5.0,20.0,53.0,54.0,,,Complete,97.5,A,27.0,49.0,,,,20,,,A,97.39583,A,105.08196000000001,82.30769000000001,100,0.0
,419.0,9,10.0,4.5,19.0,4.5,18.0,5.0,20.0,5.0,20.0,3.0,20.0,4.5,19.0,5.0,20.0,2.5,18.5,5.0,20.0,5.0,20.0,35.0,41.0,,,Complete,95.83333,A,24.0,48.5,,,,13,,88.21051999999999,B,87.29166,B,101.96721,58.46153,65,0.0
,455.0,10,9.0,5.0,15.0,5.0,20.0,5.0,20.0,4.0,20.0,4.0,19.5,5.0,20.0,4.0,20.0,4.0,20.0,4.0,20.0,2.5,19.0,54.0,51.0,0.0,,,94.16666,B,30.0,49.0,,,,16,,,A,94.79166,A,103.27868000000001,80.76923000000001,80,0.0
,422.0,10,10.0,5.0,20.0,5.0,19.0,5.0,18.0,5.0,20.0,4.0,20.0,,,5.0,20.0,5.0,20.0,5.0,20.0,4.5,20.0,48.0,48.0,,,Complete,97.5,A,30.0,44.5,,,,11,,88.8421,B,87.91666,B,96.72131,73.84615,55,0.0
,444.75,8,10.0,5.0,20.0,4.0,18.5,5.0,16.25,5.0,18.5,5.0,19.5,4.5,17.5,5.0,20.0,4.0,19.0,5.0,20.0,4.0,20.0,46.0,45.0,,,Complete,91.875,A,30.0,50.0,,,,20,,93.68421,A,92.65625,A,103.52459,70.0,100,0.0
,440.0,8,9.0,4.5,18.0,3.0,18.0,5.0,15.0,4.5,20.0,5.0,20.0,4.0,19.0,5.0,20.0,3.0,20.0,4.0,20.0,4.5,20.0,47.0,49.0,,,Complete,87.5,B,30.0,48.5,,,,16,,92.63157,A,91.66666,A,101.96721,73.84615,80,0.0
,413.0,9,9.0,5.0,17.0,5.0,20.0,0.0,18.5,3.5,20.0,5.0,19.0,5.0,20.0,5.0,19.0,5.0,20.0,4.5,19.5,0.0,0.0,47.0,45.0,,,,89.16666,C,30.0,46.0,,,,16,,86.94736,B,86.04166,B,94.09836,70.76923000000001,80,0.0
,475.5,10,9.0,5.0,18.5,3.0,19.0,5.0,18.5,5.0,20.0,5.0,20.0,5.0,20.0,5.0,19.5,5.0,20.0,5.0,20.0,5.0,20.0,55.0,60.0,,,Complete,94.16666,A,30.0,50.0,,,,18,,,A,99.0625,A,106.06557,88.46153000000001,90,0.0
,400.5,10,10.0,4.5,15.0,5.0,19.0,5.0,20.0,5.0,18.0,4.0,16.5,2.5,18.0,4.0,20.0,5.0,20.0,0.0,0.0,4.5,20.0,37.0,40.0,0.0,,In Progress,92.91666,A,28.5,50.0,,,,19,,,B,83.4375,B,93.27868000000001,59.23076,95,0.0
,452.0,9,10.0,3.0,18.0,3.0,16.5,5.0,16.5,5.0,20.0,5.0,20.0,4.0,18.0,5.0,18.0,5.0,18.5,5.0,20.0,5.0,19.0,44.0,57.0,5.0,,Complete,88.33333,B,28.0,44.5,,,,20,5.0,,A,94.16666,A,99.01639,77.6923,100,5.0
,485.5,9,10.0,5.0,20.0,5.0,20.0,5.0,19.0,5.0,20.0,5.0,20.0,5.0,20.0,5.0,20.0,5.0,20.0,5.0,20.0,5.0,20.0,58.0,60.0,,,Complete,98.33333,A,29.5,50.0,,,,20,,102.21051999999999,A,101.14583,A,107.70491000000001,90.76923000000001,100,0.0
,388.0,10,10.0,3.0,17.0,5.0,18.0,5.0,16.5,5.0,20.0,0.0,0.0,4.0,15.0,2.5,18.0,4.0,18.5,5.0,20.0,4.5,18.0,43.0,40.0,,,Complete,91.25,A,26.0,44.0,,,,16,,81.68421,B,80.83333,B,88.19672,63.84615,80,0.0
,217.0,9,10.0,3.5,18.0,5.0,20.0,0.0,0.0,5.0,15.0,5.0,20.0,4.5,19.0,0.0,0.0,0.0,10.0,0.0,0.0,0.0,0.0,34.0,0.0,0.0,,Complete,71.25,D,29.0,0.0,,,,10,0.0,,,45.20833,F,50.4918,26.15384,50,0.0
,465.0,9,10.0,5.0,20.0,4.0,18.0,5.0,17.5,5.0,20.0,5.0,20.0,5.0,19.0,5.0,20.0,5.0,20.0,4.0,20.0,4.0,20.0,54.0,51.0,,,,94.58333,A,30.0,49.5,,,,20,,97.89473000000001,A,96.875,A,105.2459,80.76923000000001,100,0.0
,416.75,8,10.0,5.0,19.5,4.0,20.0,5.0,19.75,5.0,15.0,5.0,19.5,4.0,17.0,4.0,18.0,5.0,20.0,3.0,20.0,4.5,20.0,39.0,35.0,,,Complete,92.70833,A,29.5,46.0,,,,16,,87.78947,B,86.82291,B,101.2295,56.923069999999996,80,0.0
,474.0,10,9.0,5.0,20.0,5.0,19.0,5.0,20.0,5.0,20.0,5.0,20.0,5.0,20.0,5.0,20.0,5.0,20.0,5.0,20.0,5.0,20.0,59.0,54.0,,,Complete,98.33333,A,30.0,50.0,,,,13,,,A,98.75,A,107.86885,86.92307,65,0.0
,424.5,8,10.0,4.5,20.0,3.0,19.0,5.0,19.0,5.0,19.5,3.0,19.0,5.0,20.0,5.0,18.5,4.0,20.0,4.0,20.0,5.0,20.0,40.0,45.0,,,Complete,94.16666,B,27.0,49.0,,,,7,,,A,88.4375,B,103.11475,65.38461,35,0.0
,440.0,10,10.0,4.0,19.0,3.0,14.5,5.0,20.0,5.0,19.0,3.0,19.0,4.0,16.0,2.5,15.0,2.0,18.0,3.0,20.0,5.0,19.0,52.0,54.0,5.0,,,91.25,A,27.0,46.0,A,,,20,,,A,91.66666,A,94.75409,81.53846,100,0.0
,456.0,8,10.0,5.0,20.0,3.0,18.0,5.0,19.0,0.0,10.0,5.0,18.0,4.5,20.0,4.0,18.5,5.0,19.0,5.0,20.0,5.0,20.0,51.0,55.0,5.0,,Complete,81.66666,B,30.0,50.0,,,,19,4.0,,A,95.0,A,99.67213000000001,81.53846,95,4.0
,306.75,9,10.0,0.0,0.0,3.0,16.0,5.0,18.5,4.5,20.0,0.0,14.0,2.0,17.0,0.0,0.0,2.0,19.0,2.5,20.0,0.0,0.0,28.0,37.0,,,,71.66666,D,24.75,48.5,,,,6,,64.57894,D,63.90625,D,71.06557,50.0,30,0.0
,360.0,0,0.0,0.0,5.0,4.0,18.0,5.0,18.0,5.0,19.0,4.0,17.5,4.5,19.5,3.5,19.0,4.0,19.0,2.0,20.0,4.5,18.5,29.0,39.0,,,,61.66666,D,24.0,41.0,,,,17,,75.78947,C,75.0,C,90.16393000000001,52.30769,85,0.0
,461.25,9,10.0,4.5,20.0,3.0,20.0,5.0,18.5,5.0,20.0,5.0,20.0,5.0,20.0,5.0,19.0,4.5,19.5,3.0,20.0,5.0,20.0,45.0,52.0,5.0,,Complete,95.83333,A,29.25,49.0,,,,20,,97.10526,A,96.09375,A,105.0,74.61538,100,0.0
,379.5,10,10.0,5.0,15.0,5.0,18.0,4.0,18.5,5.0,17.0,5.0,18.5,4.5,20.0,4.0,17.5,1.5,18.5,5.0,20.0,0.0,0.0,29.0,39.0,0.0,,,89.58333,B,29.5,40.0,,,,20,,,B,79.0625,C,89.01639,52.30769,100,0.0
,387.75,10,10.0,2.5,18.0,3.0,15.0,5.0,15.0,3.75,20.0,5.0,19.0,4.5,16.5,5.0,18.0,2.5,19.5,0.0,0.0,5.0,17.0,36.0,40.0,5.0,,Complete,85.20833,B,29.5,43.0,,,,20,,81.63157,B,80.78125,B,87.45900999999999,58.46153,100,0.0
,430.0,,,5.0,20.0,3.5,20.0,5.0,17.5,4.5,20.0,4.0,20.0,5.0,19.0,5.0,20.0,4.0,19.0,4.0,20.0,4.0,20.0,48.0,46.0,,,,79.58333,B,27.0,49.5,,,,20,,90.52631,A,89.58333,B,103.60655,72.30769000000001,100,0.0
,6.0,,,,,,,,,,,,,,,,,,,,,,,,,,,,0.0,F,,,,,,6,,,,1.25,F,0.0,0.0,30,0.0
,389.5,9,10.0,5.0,20.0,4.0,17.5,5.0,19.5,5.0,18.0,3.0,20.0,5.0,19.0,5.0,20.0,,10.0,4.0,20.0,,,47.0,47.0,,,,94.16666,B,26.0,44.5,,,,6,,82.0,B,81.14583,B,88.68852,72.30769000000001,30,0.0
,382.0,10,9.0,5.0,20.0,5.0,18.0,5.0,17.5,4.0,18.5,5.0,17.0,2.0,20.0,0.0,0.0,0.0,8.0,3.0,10.0,4.5,20.0,44.0,52.0,,,,93.33333,A,19.5,45.0,,,,20,,,B,79.58333,C,80.9836,73.84615,100,0.0
,437.0,10,10.0,5.0,20.0,3.0,13.0,5.0,19.0,5.0,20.0,5.0,19.0,5.0,19.5,5.0,18.5,5.0,19.0,5.0,20.0,5.0,20.0,40.0,36.0,5.0,,Complete,91.66666,A,30.0,50.0,,,,20,0.0,,A,91.04166,A,103.60655,58.46153,100,0.0
,448.0,9,10.0,5.0,20.0,3.0,18.0,5.0,19.0,4.5,20.0,5.0,19.0,4.5,19.0,4.0,18.0,4.5,19.5,4.0,20.0,5.0,20.0,35.0,57.0,,,Complete,94.58333,A,30.0,50.0,,,,20,,94.31578,A,93.33333,A,103.93441999999999,70.76923000000001,100,0.0
,419.0,9,8.0,4.5,20.0,5.0,19.5,4.0,19.0,5.0,20.0,4.0,18.0,0.0,0.0,0.0,0.0,5.0,19.0,4.0,20.0,5.0,20.0,58.0,53.0,5.0,,,95.0,A,25.0,49.0,,,,20,0.0,88.21051999999999,B,87.29166,B,87.21311,85.38461,100,0.0
,434.5,9,10.0,5.0,18.5,5.0,20.0,5.0,16.0,5.0,20.0,4.0,20.0,4.5,18.0,5.0,19.0,5.0,20.0,5.0,20.0,0.0,0.0,50.0,53.0,,,,94.58333,C,29.5,50.0,,,,18,,,A,90.52083,A,96.55736999999999,79.23076,90,0.0
,358.0,8,10.0,4.5,20.0,5.0,20.0,5.0,20.0,4.0,14.0,5.0,19.0,5.0,19.0,0.0,0.0,3.0,17.0,4.0,20.0,0.0,0.0,30.0,46.0,,,,92.08333,A,14.5,45.0,,,,20,,,C,74.58333,C,80.0,58.46153,100,0.0
,454.5,9,10.0,4.0,20.0,5.0,20.0,5.0,19.0,5.0,20.0,5.0,17.0,5.0,19.5,4.0,19.5,5.0,19.0,5.0,20.0,5.0,20.0,49.0,52.0,0.0,,Complete,97.5,A,26.5,50.0,,,,16,,,A,94.6875,A,104.42622,77.6923,80,0.0
,448.0,10,10.0,4.5,20.0,5.0,20.0,5.0,19.5,5.0,20.0,5.0,19.5,5.0,20.0,5.0,20.0,5.0,20.0,5.0,20.0,5.0,19.0,49.0,41.0,5.0,,Complete,99.16666,A,23.5,50.0,,,,12,,,A,93.33333,A,105.2459,69.23076,60,0.0
,434.25,8,9.0,4.5,19.0,3.0,20.0,5.0,19.0,5.0,20.0,4.0,16.0,5.0,17.0,4.5,19.5,4.0,20.0,4.0,20.0,5.0,20.0,42.0,45.0,,,,93.75,A,29.75,48.0,,,,18,,91.42105,A,90.46875,A,102.37704000000001,66.92307,90,0.0
,457.0,10,10.0,5.0,20.0,5.0,19.0,5.0,18.5,4.5,20.0,5.0,18.5,5.0,20.0,5.0,19.0,5.0,19.5,5.0,20.0,5.0,20.0,49.0,52.0,,,Complete,97.5,A,25.0,47.0,,,,20,,96.21051999999999,A,95.20833,A,103.60655,77.6923,100,0.0
,25.0,9,10.0,,,,,,,,,,,,,,,,,,,,,,,,,,15.833329999999998,F,,,,,,6,0.0,5.26315,F,5.20833,F,0.0,0.0,30,0.0
,415.5,10,10.0,3.0,20.0,0.0,0.0,5.0,19.5,4.5,20.0,4.0,18.5,5.0,18.5,5.0,19.5,5.0,19.5,5.0,20.0,4.0,20.0,57.0,57.0,,,Complete,76.66666,C,14.0,45.0,,,,6,0.5,87.47368,B,86.5625,B,90.16393000000001,87.6923,30,0.5
,442.0,10,10.0,5.0,17.0,3.0,20.0,5.0,18.5,4.0,19.5,5.0,19.0,4.5,19.0,5.0,19.5,3.5,19.5,5.0,20.0,4.5,19.0,44.0,46.0,,,Complete,93.33333,A,26.5,50.0,,,,20,0.0,93.05263000000001,A,92.08333,A,102.29508,69.23076,100,0.0
,462.5,9,9.0,5.0,20.0,5.0,20.0,5.0,18.0,5.0,20.0,4.0,20.0,5.0,19.0,3.5,18.5,4.75,19.5,4.0,20.0,5.0,20.0,51.0,55.0,5.0,,Complete,96.66666,A,29.75,42.5,,,,20,0.0,97.36842,A,96.35416,A,102.78688000000001,81.53846,100,0.0
,437.5,9,9.0,5.0,17.0,5.0,19.5,5.0,17.5,5.0,20.0,3.0,18.5,3.5,19.5,4.5,18.0,4.5,19.5,4.5,20.0,4.5,19.5,49.0,42.0,,,Complete,93.33333,A,25.0,50.0,,,,20,,92.10526,A,91.14583,A,101.14754,70.0,100,0.0
,465.5,10,8.0,5.0,20.0,5.0,20.0,5.0,20.0,5.0,18.5,5.0,20.0,5.0,20.0,5.0,20.0,4.0,20.0,4.0,20.0,5.0,20.0,48.0,50.0,,,Complete,97.08333,A,30.0,50.0,,,,20,3.0,,A,96.97916,A,107.04918,75.38461,100,3.0
,455.0,10,8.0,5.0,20.0,5.0,18.0,4.0,20.0,5.0,20.0,5.0,20.0,5.0,20.0,5.0,20.0,5.0,20.0,4.0,20.0,5.0,20.0,43.0,48.0,,,Complete,95.83333,A,30.0,49.5,,,,20,0.5,,A,94.79166,A,106.72131,70.0,100,0.5
,430.0,10,10.0,4.0,17.0,5.0,20.0,5.0,17.5,5.0,19.0,4.0,18.5,4.5,19.0,3.5,19.0,4.0,19.0,5.0,20.0,4.0,19.0,36.0,50.0,,,Complete,93.75,A,29.0,47.0,,,,16,,90.52631,A,89.58333,B,100.9836,66.15384,80,0.0
,436.5,7,10.0,5.0,20.0,5.0,20.0,5.0,16.5,5.0,20.0,5.0,18.0,4.5,20.0,5.0,19.0,5.0,19.5,4.0,20.0,5.0,20.0,37.0,38.0,5.0,,Complete,94.58333,A,30.0,48.0,,,,20,,91.89473000000001,A,90.9375,A,104.75409,57.6923,100,0.0
,446.0,10,10.0,5.0,20.0,5.0,19.0,5.0,15.5,5.0,20.0,4.0,20.0,4.0,20.0,5.0,18.0,4.0,20.0,4.5,20.0,5.0,20.0,47.0,45.0,,,,95.41666,A,30.0,45.0,,,,20,,,A,92.91666,A,102.95081,70.76923000000001,100,0.0
,423.0,0,0.0,4.0,17.0,4.0,19.0,5.0,18.0,5.0,18.0,3.5,18.5,4.5,18.5,4.5,19.0,5.0,19.0,3.5,20.0,4.0,19.0,44.0,52.0,5.0,,Complete,75.0,C,29.0,44.0,,,,20,,89.05263000000001,B,88.125,B,99.01639,73.84615,100,0.0
,454.0,9,9.0,5.0,20.0,5.0,19.0,5.0,18.5,5.0,19.5,5.0,18.0,5.0,20.0,5.0,19.5,4.5,20.0,5.0,20.0,0.0,0.0,58.0,62.0,,,Complete,95.83333,A,27.0,50.0,,,,20,,,A,94.58333,A,97.04918,92.30769000000001,100,0.0
,444.5,8,10.0,5.0,19.0,5.0,17.0,4.0,17.5,5.0,17.0,5.0,20.0,5.0,19.0,5.0,17.5,4.5,17.0,4.0,20.0,5.0,17.0,49.0,59.0,4.0,,Complete,89.58333,A,19.0,47.0,,,,20,,,A,92.60416,A,96.55736999999999,83.07692,100,0.0
,326.5,0,0.0,3.0,17.0,5.0,17.0,4.0,18.5,4.5,20.0,4.0,20.0,0.0,0.0,3.0,16.5,3.5,18.5,5.0,20.0,5.0,19.0,41.0,38.0,,,,74.16666,C,28.0,0.0,,,,16,,,D,68.02083,D,75.90163000000001,60.76923000000001,80,0.0
,130.0,0,0.0,3.5,20.0,4.0,20.0,2.5,19.0,5.0,20.0,0.0,0.0,0.0,0.0,0.0,0.0,0.0,0.0,0.0,0.0,0.0,0.0,0.0,0.0,0.0,,Complete,78.33333,C,25.0,0.0,,,,8,3.0,,,27.08333,F,39.01639,0.0,40,3.0
,420.0,10,9.0,5.0,19.0,5.0,20.0,5.0,17.5,5.0,19.0,5.0,19.0,4.5,19.5,4.0,18.0,2.5,20.0,4.0,20.0,5.0,19.0,37.0,34.0,5.0,,,95.41666,A,30.0,39.0,,,,20,,88.42105,B,87.5,B,100.0,54.61538,100,0.0
,387.5,8,10.0,5.0,20.0,5.0,17.0,4.5,18.0,4.5,20.0,5.0,19.0,5.0,18.5,4.0,18.0,0.0,0.0,5.0,20.0,5.0,20.0,23.0,28.0,5.0,,In Progress,93.33333,A,30.0,50.0,,,,20,,80.52631,B,80.72916,B,96.2295,39.23076,100,0.0
,271.0,8,9.0,4.0,17.0,1.0,19.0,2.5,16.5,1.0,20.0,0.0,0.0,0.0,0.0,0.0,0.0,3.5,18.5,0.0,0.0,0.0,0.0,38.0,32.0,0.0,,Complete,81.66666,C,25.0,45.0,,,,11,,,F,56.458330000000004,F,56.721309999999995,53.84615,55,0.0
,455.5,10,10.0,5.0,20.0,5.0,18.0,5.0,19.0,5.0,20.0,5.0,20.0,4.5,20.0,5.0,20.0,4.0,20.0,3.5,20.0,5.0,20.0,46.0,44.0,5.0,,Complete,97.5,A,30.0,46.5,,,,20,,,A,94.89583,A,105.08196000000001,69.23076,100,0.0
,464.0,10,10.0,5.0,17.0,5.0,19.0,4.0,18.5,5.0,15.0,5.0,20.0,4.0,20.0,3.5,19.5,4.5,19.0,5.0,20.0,5.0,19.0,54.0,60.0,,,,90.41666,A,28.0,49.0,,,,20,,97.68421,A,96.66666,A,101.63934,87.6923,100,0.0
,72.5,10,10.0,5.0,17.0,,,5.0,17.5,0.0,0.0,0.0,0.0,,,,,,,,,,,,,,,,53.75,F,0.0,,,,,8,,,,15.10416,F,14.590160000000001,0.0,40,0.0
,388.5,9,10.0,4.5,20.0,5.0,18.0,5.0,14.5,5.0,20.0,5.0,17.0,0.0,0.0,3.0,19.0,5.0,19.5,4.0,20.0,5.0,20.0,35.0,43.0,,,,92.5,B,20.0,49.0,,,,13,,81.78947,B,80.9375,B,91.31147,60.0,65,0.0
,467.0,9,10.0,5.0,15.0,5.0,20.0,5.0,18.5,5.0,18.0,5.0,16.5,4.0,18.0,5.0,20.0,5.0,20.0,5.0,20.0,5.0,20.0,52.0,56.0,5.0,,Complete,92.08333,A,30.0,50.0,,,,20,,,A,97.29166,A,103.27868000000001,83.07692,100,0.0
,434.0,8,9.0,5.0,20.0,3.0,20.0,5.0,16.5,5.0,20.0,3.0,19.0,5.0,20.0,3.5,19.0,3.0,19.5,5.0,20.0,1.0,20.0,41.0,47.0,,,Complete,92.91666,A,26.5,50.0,,,,20,0.0,91.36842,A,90.41666,A,101.31147,67.6923,100,0.0
,383.75,10,10.0,4.5,18.0,3.0,18.0,5.0,17.5,0.0,0.0,4.0,18.0,0.0,0.0,5.0,18.5,4.75,19.0,3.0,20.0,5.0,20.0,41.0,41.0,,,,71.66666,C,30.0,48.5,,,,20,,80.78947,B,79.94791,C,85.81967,63.076919999999994,100,0.0
,388.5,10,9.0,5.0,20.0,3.0,18.0,2.0,17.5,5.0,19.0,4.0,20.0,4.5,20.0,0.0,7.5,0.0,10.0,2.5,20.0,3.0,20.0,39.0,45.0,5.0,,,90.41666,B,29.5,44.0,,,,6,,,B,80.9375,B,90.0,64.61538,30,0.0
,436.5,9,10.0,5.0,20.0,3.0,20.0,5.0,18.5,4.0,15.0,5.0,20.0,3.5,20.0,0.0,0.0,3.5,19.5,4.0,19.5,5.0,19.0,55.0,54.0,,,Complete,91.25,A,30.0,49.0,,,,20,,91.89473000000001,A,90.9375,A,94.59016,83.84615,100,0.0
,6.0,,,,,,,,,,,,,,,,,,,,,,,,,,,,0.0,F,,,,,,6,,,,1.25,F,0.0,0.0,30,0.0
,434.0,8,10.0,4.5,15.0,5.0,18.0,5.0,15.0,4.0,20.0,5.0,20.0,4.5,20.0,5.0,20.0,3.5,20.0,3.5,20.0,4.0,20.0,38.0,52.0,5.0,,Complete,87.08333,B,27.0,42.0,,,,20,,90.31578,A,90.41666,A,98.68852,69.23076,100,0.0
,451.5,7,10.0,3.0,20.0,5.0,18.0,5.0,19.0,4.0,18.0,4.5,18.0,4.5,19.0,4.0,18.5,4.0,18.0,4.0,20.0,5.0,20.0,53.0,54.0,,,Complete,90.83333,A,29.5,46.5,,,,20,,95.05263000000001,A,94.0625,A,100.81967,82.30769000000001,100,0.0
,436.0,10,7.0,4.0,20.0,2.0,18.0,5.0,18.0,5.0,19.0,5.0,18.5,5.0,20.0,5.0,20.0,2.5,19.5,3.5,20.0,4.0,18.0,44.0,48.0,,,Complete,90.0,A,27.0,48.0,,,,20,,91.78947,A,90.83333,A,100.65573,70.76923000000001,100,0.0
,26.0,10,10.0,,,,,,,,,,,,,,,,,,,,,,,,,,16.66666,F,,,,,,6,,,,5.41666,F,0.0,0.0,30,0.0
,389.25,10,10.0,5.0,20.0,5.0,17.0,5.0,16.5,4.75,17.0,5.0,17.5,3.0,19.0,5.0,17.0,3.0,19.5,0.0,0.0,5.0,16.5,41.0,40.0,,,Complete,91.875,A,20.0,47.5,,,,20,,81.94736,B,81.09375,B,87.95081,62.30769,100,0.0
,392.0,7,9.0,4.5,20.0,3.0,18.0,5.0,18.0,4.5,20.0,5.0,18.0,4.5,18.0,4.0,18.0,4.0,19.5,5.0,20.0,5.0,20.0,32.0,36.0,,,,90.83333,B,26.0,40.0,,,,8,,82.52631,B,81.66666,B,98.36065,52.30769,40,0.0
,454.0,9,10.0,5.0,20.0,5.0,19.0,5.0,20.0,5.0,20.0,4.0,20.0,5.0,20.0,5.0,20.0,2.0,19.0,3.5,20.0,5.0,20.0,37.0,51.0,5.0,,Complete,98.33333,A,30.0,49.5,,,,20,0.0,,A,94.58333,A,105.57377,67.6923,100,0.0
,403.5,9,8.0,4.0,19.0,5.0,16.0,3.0,19.0,5.0,19.0,3.0,19.0,4.0,17.5,3.5,16.0,2.0,19.0,5.0,20.0,4.0,18.0,38.0,36.0,,,Complete,89.16666,B,27.5,44.0,,,,20,,,B,84.0625,B,95.90163000000001,56.923069999999996,100,0.0
,436.5,10,9.0,5.0,19.0,5.0,17.0,5.0,19.5,5.0,19.5,4.0,18.0,4.5,17.0,4.0,19.0,4.5,19.0,4.0,20.0,5.0,20.0,29.0,50.0,5.0,,Complete,95.0,A,29.5,50.0,,,,20,,91.89473000000001,A,90.9375,A,102.78688000000001,60.76923000000001,100,0.0
,440.5,8,7.0,4.5,15.0,3.0,19.0,3.0,17.0,5.0,18.0,4.0,17.0,5.0,17.0,4.0,18.5,5.0,20.0,5.0,20.0,3.5,20.0,45.0,53.0,5.0,,Complete,82.91666,B,30.0,49.0,,,,20,,,A,91.77083,A,99.18032,75.38461,100,0.0
,449.5,10,9.0,5.0,20.0,3.0,20.0,4.0,18.0,5.0,20.0,4.0,20.0,5.0,19.0,5.0,19.0,4.5,20.0,5.0,20.0,4.0,20.0,41.0,51.0,,,Complete,95.0,A,28.5,49.5,,,,20,,94.63157,A,93.64583,A,104.42622,70.76923000000001,100,0.0
,455.5,8,10.0,5.0,17.0,5.0,20.0,5.0,17.5,5.0,19.5,5.0,18.5,5.0,18.5,4.0,19.0,4.0,19.0,4.0,20.0,4.5,19.0,48.0,53.0,5.0,,Complete,93.33333,A,30.0,47.0,,,,20,,95.89473000000001,A,94.89583,A,102.13114,77.6923,100,0.0
,404.0,10,7.0,3.0,18.0,1.0,16.0,4.0,17.5,5.0,19.0,5.0,18.0,4.5,19.0,2.0,15.5,5.0,19.0,3.0,20.0,4.0,19.0,38.0,39.0,,,Complete,83.75,B,28.5,45.0,,,,19,,,B,84.16666,B,95.40983,59.23076,95,0.0
,477.5,9,10.0,5.0,16.0,5.0,20.0,5.0,18.5,5.0,19.0,5.0,19.5,5.0,19.0,5.0,19.0,5.0,20.0,5.0,20.0,5.0,19.0,58.0,62.0,,,Complete,93.75,A,29.5,49.0,,,,20,0.0,100.52631,A,99.47916,A,104.42622,92.30769000000001,100,0.0
,361.0,0,0.0,3.0,19.0,3.0,17.0,5.0,16.5,4.5,19.5,0.0,0.0,4.0,15.0,2.5,18.0,4.5,18.5,5.0,20.0,4.5,18.0,45.0,42.0,,,,72.91666,C,26.0,34.5,,,,16,,,C,75.20833,C,84.59016,66.92307,80,0.0
,430.75,10,10.0,5.0,20.0,5.0,20.0,0.0,0.0,5.0,18.5,5.0,17.75,4.5,17.5,4.5,18.0,4.0,20.0,5.0,20.0,5.0,19.0,48.0,54.0,,,Complete,77.91666,C,30.0,50.0,,,,15,,90.73684,A,89.73958,B,96.31147,78.46153000000001,75,0.0
,391.5,0,0.0,4.0,17.0,5.0,19.5,5.0,18.5,3.5,19.0,3.0,18.0,4.0,18.5,3.5,18.0,3.0,20.0,4.0,20.0,0.0,0.0,43.0,51.0,,,Complete,76.25,C,29.0,45.0,,,,20,,82.42105,B,81.5625,B,90.9836,72.30769000000001,100,0.0
,445.5,6,8.0,4.0,20.0,3.0,18.0,4.0,18.0,5.0,19.0,4.0,18.5,4.0,19.5,5.0,19.5,5.0,19.5,5.0,20.0,5.0,18.5,48.0,52.0,5.0,,Complete,87.5,B,24.0,48.0,,,,20,,93.78947,A,92.8125,A,100.4918,76.92307,100,0.0
,455.5,8,10.0,4.0,20.0,5.0,20.0,5.0,18.5,5.0,20.0,4.0,19.0,5.0,20.0,5.0,19.5,4.0,19.0,5.0,20.0,4.0,20.0,54.0,46.0,0.0,,Complete,96.25,A,25.5,50.0,,,,20,,,A,94.89583,A,104.09836,76.92307,100,0.0
,401.5,,,5.0,20.0,3.0,19.0,0.0,0.0,5.0,20.0,5.0,20.0,4.0,19.0,5.0,20.0,3.5,20.0,4.0,20.0,5.0,20.0,33.0,47.0,5.0,,,60.0,D,29.5,49.5,,,,20,,83.47368,B,83.64583,B,97.21311,61.53846,100,0.0
,480.0,9,10.0,5.0,19.5,5.0,20.0,5.0,20.0,5.0,20.0,5.0,20.0,5.0,19.0,4.5,19.0,5.0,18.0,5.0,19.0,5.0,19.0,58.0,63.0,,,Complete,98.75,A,30.0,48.0,,,,19,,101.05263000000001,A,100.0,A,105.2459,93.07692,95,0.0
,402.0,9,9.0,5.0,18.5,5.0,15.0,5.0,16.5,0.0,0.0,4.0,17.0,4.0,13.0,5.0,19.0,2.0,19.0,5.0,20.0,5.0,20.0,52.0,52.0,,,,69.16666,D,30.0,37.0,,,,15,,,B,83.75,B,86.88524,80.0,75,0.0
,405.5,9,9.0,4.5,18.0,0.0,0.0,5.0,18.5,5.0,20.0,4.0,20.0,4.5,19.0,5.0,20.0,4.5,20.0,5.0,20.0,3.0,20.0,35.0,42.0,,,In Progress,74.16666,C,30.0,48.5,,,,16,0.0,85.36842,B,84.47916,B,96.55736999999999,59.23076,80,0.0
,384.0,10,8.0,4.5,19.5,4.0,19.0,5.0,20.0,4.0,18.5,5.0,20.0,0.0,0.0,4.0,18.5,5.0,18.0,5.0,0.0,5.0,20.0,42.0,45.0,,,Complete,93.75,A,23.0,50.0,,,,11,,79.78947,B,80.0,B,87.86885,66.92307,55,0.0
,366.25,8,10.0,4.25,19.0,0.0,16.0,0.0,0.0,3.5,17.5,0.0,5.0,4.5,16.5,3.5,17.0,4.0,18.0,3.5,19.0,5.0,20.0,35.0,44.0,,,,65.20833,D,30.0,49.0,,,,14,,77.10526,C,76.30208,C,83.68852,60.76923000000001,70,0.0
,449.75,10,9.0,4.5,20.0,3.0,19.0,5.0,15.5,5.0,20.0,4.0,18.0,4.0,20.0,5.0,19.0,5.0,20.0,3.5,20.0,5.0,20.0,49.0,54.0,,,Complete,92.5,B,26.75,49.5,,,,16,0.0,94.68421,A,93.69791,A,102.21311,79.23076,80,0.0
,363.0,9,9.0,4.0,19.0,5.0,17.5,5.0,20.0,0.0,20.0,4.0,19.0,4.0,18.0,2.5,15.0,3.0,18.0,5.0,20.0,0.0,0.0,33.0,45.0,,,,90.41666,B,24.0,38.0,,,,6,,,C,75.625,C,85.57377,60.0,30,0.0
,402.0,10,10.0,5.0,18.0,4.0,19.0,3.0,16.5,5.0,19.0,5.0,20.0,4.0,20.0,5.0,13.5,5.0,18.0,4.0,20.0,0.0,0.0,50.0,50.0,,,In Progress,91.25,B,30.0,42.0,,,,6,,,B,83.75,B,90.4918,76.92307,30,0.0
,389.0,0,0.0,5.0,20.0,3.0,20.0,5.0,18.5,0.0,0.0,3.0,17.5,5.0,20.0,5.0,19.0,4.0,20.0,3.5,20.0,5.0,20.0,41.0,52.0,0.0,,Complete,59.583330000000004,F,29.5,45.0,,,,8,,,B,81.04166,B,94.42622,71.53846,40,0.0
,439.0,10,10.0,4.5,18.0,3.0,18.0,5.0,20.0,5.0,20.0,,10.0,4.5,19.0,5.0,19.0,5.0,20.0,3.0,20.0,5.0,20.0,52.0,51.0,5.0,,Complete,94.58333,A,23.0,50.0,,,,14,,91.36842,A,91.45833,A,97.37704000000001,79.23076,70,0.0
,460.5,,,5.0,18.5,5.0,19.0,5.0,18.0,5.0,20.0,5.0,20.0,5.0,19.0,5.0,20.0,4.0,20.0,4.0,19.0,5.0,20.0,55.0,58.0,5.0,,Complete,79.58333,B,30.0,50.0,,,,20,1.0,,A,95.9375,A,105.40983,86.92307,100,1.0
,379.0,8,10.0,3.5,20.0,0.0,13.0,0.0,0.0,5.0,18.0,5.0,16.0,4.0,18.0,3.0,17.0,4.0,16.5,3.0,20.0,5.0,17.0,36.0,36.0,5.0,,Complete,64.58333,D,30.0,46.0,,,,20,0.0,,B,78.95833,C,86.55736999999999,55.384609999999995,100,0.0
,419.0,8,10.0,5.0,15.0,5.0,20.0,4.0,20.0,4.0,20.0,4.0,17.0,4.0,18.0,4.0,19.0,5.0,18.0,5.0,20.0,5.0,20.0,30.0,34.0,5.0,,Complete,92.5,A,30.0,50.0,,,,20,,,B,87.29166,B,102.29508,49.23076,100,0.0
,399.5,10,10.0,4.5,19.0,5.0,20.0,5.0,19.5,4.5,19.0,4.5,20.0,4.0,18.0,0.0,0.0,4.0,17.0,3.5,20.0,5.0,20.0,33.0,44.0,,,,97.08333,A,24.0,49.0,,,,17,,84.10526,B,83.22916,B,93.60655,59.23076,85,0.0
,398.5,9,10.0,5.0,20.0,5.0,20.0,0.0,0.0,5.0,20.0,5.0,20.0,4.5,20.0,0.0,0.0,5.0,20.0,3.0,20.0,5.0,20.0,34.0,50.0,,,Complete,78.33333,C,30.0,48.0,,,,20,,,B,83.02083,B,90.32786,64.61538,100,0.0
,424.25,In Progress,10.0,5.0,20.0,5.0,18.5,5.0,17.75,5.0,18.5,5.0,20.0,2.0,17.5,2.75,18.25,4.0,18.0,2.0,20.0,5.0,18.0,43.0,44.0,,,,87.29166,B,30.0,50.0,,,,20,,89.31578,A,88.38541,B,100.7377,66.92307,100,0.0
,453.5,10,10.0,4.5,18.0,5.0,18.0,5.0,18.0,5.0,19.0,5.0,20.0,5.0,20.0,4.0,20.0,5.0,20.0,5.0,20.0,5.0,20.0,44.0,53.0,5.0,,,93.75,B,28.5,47.5,,,,14,0.0,94.42105,A,94.47916,A,104.09836,74.61538,70,0.0
,451.5,7,10.0,5.0,19.0,5.0,18.5,5.0,19.0,5.0,19.0,3.0,18.5,5.0,20.0,5.0,19.5,4.0,20.0,5.0,20.0,5.0,19.5,47.0,45.0,5.0,,Complete,93.75,A,29.5,48.0,,,,20,,95.05263000000001,A,94.0625,A,104.09836,70.76923000000001,100,0.0
,442.0,10,8.0,4.0,17.0,5.0,20.0,5.0,18.0,5.0,20.0,5.0,18.5,4.0,18.5,5.0,18.5,4.0,19.5,4.0,20.0,5.0,19.0,43.0,53.0,,,Complete,93.33333,A,25.0,48.0,,,,20,,93.05263000000001,A,92.08333,A,100.9836,73.84615,100,0.0
,467.5,9,9.0,4.0,17.0,3.0,20.0,4.0,17.0,5.0,20.0,5.0,18.0,4.5,20.0,4.0,20.0,4.5,19.5,5.0,20.0,4.0,18.0,54.0,58.0,5.0,,Complete,90.0,A,25.0,50.0,,,,20,5.0,98.42105,A,97.39583,A,100.81967,86.15384,100,5.0
,302.5,,,0.0,0.0,3.0,17.0,4.0,20.0,0.0,0.0,3.0,18.0,5.0,18.0,0.0,8.5,2.0,19.0,4.0,20.0,4.0,20.0,42.0,48.0,,,Complete,36.66666,F,30.0,,,,,17,0.0,63.68421,D,63.020830000000004,D,64.09836,69.23076,85,0.0
,446.5,8,10.0,4.5,20.0,5.0,19.0,5.0,19.5,5.0,20.0,5.0,20.0,5.0,19.0,5.0,20.0,5.0,20.0,,,5.0,20.0,48.0,59.0,5.0,,Complete,96.66666,C,26.0,44.5,,,,20,4.0,92.94736,A,93.02083,A,95.90163000000001,82.30769000000001,100,4.0
,366.0,9,0.0,3.0,0.0,3.0,18.0,3.0,17.5,5.0,19.0,3.0,17.0,4.5,19.0,3.5,18.0,3.0,19.0,1.5,20.0,4.5,18.5,43.0,29.0,,,,64.58333,D,29.0,46.0,,,,10,,77.05263000000001,C,76.25,C,90.16393000000001,55.384609999999995,50,0.0
,73.5,10,10.0,4.5,20.0,3.0,20.0,0.0,0.0,,,,,,,,,0.0,,,,,,,,,,,56.25,F,,,,,,6,,15.473679999999998,F,15.3125,F,15.573770000000001,0.0,30,0.0
,428.5,9,9.0,4.0,18.0,5.0,17.5,5.0,15.0,5.0,18.0,5.0,20.0,3.5,18.0,5.0,20.0,3.5,20.0,3.0,20.0,4.0,20.0,38.0,45.0,5.0,,Complete,87.91666,B,27.0,41.0,,,,20,5.0,89.15789000000001,A,89.27083,B,97.54098,63.84615,100,5.0
,368.5,10,8.0,5.0,18.5,3.0,19.0,5.0,14.5,5.0,20.0,5.0,20.0,4.0,19.0,2.0,18.0,0.0,0.0,2.5,20.0,5.0,20.0,25.0,31.0,,,Complete,90.0,B,29.0,50.0,,,,10,,,C,76.77083,C,93.27868000000001,43.07692,50,0.0
,413.0,7,10.0,5.0,19.0,1.0,19.5,5.0,19.0,5.0,20.0,5.0,20.0,5.0,19.0,5.0,19.0,,,5.0,20.0,5.0,20.0,46.0,45.0,,,Complete,92.08333,B,26.0,45.5,,,,17,0.0,86.94736,B,86.04166,B,94.42622,70.0,85,0.0
,412.0,10,9.0,3.0,20.0,5.0,19.0,5.0,18.5,5.0,19.0,5.0,18.5,4.5,18.5,4.0,19.0,5.0,19.0,4.0,20.0,5.0,18.0,26.0,33.0,,,Complete,94.58333,A,30.0,49.0,,,,20,,86.73684,B,85.83333,B,102.95081,45.384609999999995,100,0.0
,420.5,10,9.0,4.0,18.0,0.0,7.0,5.0,19.0,4.5,20.0,4.0,20.0,5.0,20.0,4.0,18.5,3.0,18.0,5.0,20.0,4.5,19.0,46.0,50.0,,,Complete,80.41666,B,24.0,43.0,,,,20,,,B,87.60416,B,93.60655,73.84615,100,0.0
,417.5,9,7.0,3.0,19.0,5.0,20.0,5.0,17.5,5.0,19.0,3.0,18.5,5.0,19.5,4.0,18.0,3.0,20.0,3.0,20.0,5.0,19.0,36.0,37.0,,,,91.25,A,29.0,49.0,,,,19,,87.89473000000001,B,86.97916,B,101.4754,56.15384,95,0.0
,421.0,8,9.0,4.0,17.0,1.0,20.0,5.0,18.0,4.0,17.0,4.0,17.5,5.0,18.5,5.0,15.5,5.0,20.0,3.0,20.0,4.5,19.0,35.0,47.0,0.0,,Complete,85.83333,B,29.0,50.0,,,,20,,,B,87.70833,B,99.01639,63.076919999999994,100,0.0
,426.5,9,10.0,5.0,18.5,3.0,19.0,4.0,16.0,5.0,20.0,5.0,20.0,5.0,18.0,5.0,19.5,2.5,20.0,3.0,20.0,5.0,20.0,34.0,48.0,5.0,,,91.25,A,24.0,43.0,,,,20,,,A,88.85416,B,98.52459,63.076919999999994,100,0.0
,6.0,,,,,,,,,,,,,,,,,,,,,,,,,,,,0.0,F,,,,,,6,,,,1.25,F,0.0,0.0,30,0.0
,378.5,8,10.0,3.0,19.0,5.0,18.0,4.5,20.0,0.0,0.0,4.0,20.0,5.0,18.0,3.5,15.0,2.5,18.0,3.0,20.0,5.0,19.0,39.0,44.0,,,,72.91666,D,28.0,38.0,,,,9,,,B,78.85416,C,88.03278,63.84615,45,0.0
,446.5,10,10.0,5.0,18.0,3.0,18.0,5.0,19.5,4.5,20.0,5.0,19.0,4.0,19.0,4.0,17.0,5.0,20.0,2.5,20.0,4.0,19.0,47.0,48.0,,,Complete,94.16666,A,30.0,50.0,,,,20,0.0,94.0,A,93.02083,A,102.13114,73.07692,100,0.0
,399.0,9,10.0,5.0,20.0,5.0,18.0,5.0,16.5,4.5,20.0,4.0,18.0,0.0,0.0,4.0,18.5,5.0,19.0,4.0,20.0,4.5,20.0,38.0,38.0,,,Complete,94.16666,A,29.0,45.0,,,,14,5.0,84.0,B,83.125,B,93.44261999999999,58.46153,70,5.0
,421.75,10,9.0,4.5,20.0,3.0,20.0,4.0,16.25,5.0,19.5,5.0,18.5,4.5,19.0,4.0,19.0,3.0,18.0,5.0,20.0,5.0,19.0,33.0,40.0,,,Complete,92.70833,A,29.5,48.0,,,,20,,88.8421,B,87.86458,B,101.55736999999999,56.15384,100,0.0
,383.0,7,9.0,4.5,15.0,0.0,0.0,5.0,19.5,5.0,15.0,5.0,17.5,5.0,20.0,5.0,20.0,5.0,20.0,2.5,20.0,4.5,20.0,38.0,38.0,0.0,,Complete,66.66666,D,24.5,50.0,,,,8,,,B,79.79166,C,92.78688000000001,58.46153,40,0.0
,355.0,9,9.0,3.5,20.0,3.0,18.0,4.0,19.5,5.0,20.0,0.0,0.0,4.5,17.0,0.0,0.0,4.5,20.0,,20.0,5.0,19.0,32.0,46.0,,,,92.5,A,11.0,45.0,,,,20,,75.57894,C,73.95833,C,78.36065,60.0,100,0.0
,429.5,10,10.0,3.5,18.0,5.0,17.0,3.0,15.5,4.5,20.0,2.0,18.0,4.5,16.5,5.0,17.5,3.5,18.5,3.0,20.0,4.5,17.0,48.0,51.0,,,Complete,88.75,B,27.5,46.5,,,,20,,90.42105,A,89.47916,B,95.2459,76.15384,100,0.0
,402.0,10,9.0,4.5,20.0,3.0,20.0,4.0,18.0,5.0,20.0,5.0,20.0,5.0,19.0,5.0,19.0,,,4.0,20.0,5.0,20.0,43.0,40.0,,,Complete,94.58333,A,26.0,44.5,,,,13,,84.63157,B,83.75,B,94.09836,63.84615,65,0.0
,425.75,9,7.0,4.5,20.0,5.0,17.0,3.0,13.5,4.5,20.0,5.0,20.0,4.0,18.0,5.0,16.5,4.0,19.0,4.0,20.0,4.5,20.0,48.0,50.0,5.0,,,86.25,B,12.75,46.5,,,,20,,89.63157,A,88.69791,B,94.01639,75.38461,100,0.0
,448.5,10,10.0,5.0,19.0,5.0,20.0,5.0,17.5,5.0,19.5,5.0,19.0,5.0,19.5,5.0,18.0,5.0,20.0,5.0,20.0,4.0,19.0,40.0,49.0,5.0,,,96.66666,A,24.0,50.0,,,,20,,94.42105,A,93.4375,A,103.11475,68.46153000000001,100,0.0
,405.5,10,9.0,4.0,15.0,0.0,0.0,5.0,18.5,5.0,18.0,5.0,15.0,4.5,20.0,4.0,18.5,4.0,20.0,5.0,20.0,4.0,20.0,36.0,46.0,0.0,,,70.41666,C,29.0,50.0,,,,20,0.0,,B,84.47916,B,93.27868000000001,63.076919999999994,100,0.0
,447.5,10,9.0,5.0,20.0,5.0,19.0,5.0,16.0,4.5,20.0,5.0,17.0,5.0,20.0,4.0,18.5,3.5,19.5,5.0,19.5,5.0,20.0,41.0,51.0,,,Complete,94.58333,A,30.0,50.0,,,,20,,94.21051999999999,A,93.22916,A,103.77049,70.76923000000001,100,0.0
,428.5,8,10.0,5.0,20.0,5.0,18.0,4.0,19.5,0.0,0.0,5.0,19.0,5.0,19.0,4.5,18.0,5.0,19.5,5.0,20.0,5.0,20.0,43.0,51.0,,,Complete,74.58333,C,30.0,50.0,,,,20,,90.21051999999999,A,89.27083,B,97.21311,72.30769000000001,100,0.0
,407.0,10,10.0,4.0,20.0,3.0,19.5,5.0,19.5,5.0,20.0,4.0,18.0,5.0,20.0,5.0,20.0,4.5,18.0,4.0,20.0,0.0,0.0,48.0,44.0,,,,96.66666,A,17.5,49.0,,,,14,,85.68421,B,84.79166,B,92.13114,70.76923000000001,70,0.0
,442.0,8,10.0,4.5,15.0,5.0,20.0,4.0,18.0,5.0,20.0,4.0,20.0,5.0,17.5,3.0,18.0,5.0,19.0,5.0,20.0,5.0,20.0,37.0,50.0,5.0,,Complete,91.25,A,30.0,49.0,,,,20,,,A,92.08333,A,102.29508,66.92307,100,0.0
,67.5,9,8.0,3.5,15.0,5.0,20.0,0.0,0.0,0.0,0.0,0.0,0.0,0.0,0.0,0.0,0.0,0.0,0.0,0.0,0.0,0.0,0.0,0.0,0.0,0.0,,,50.41666,F,0.0,0.0,,,,7,,,,14.0625,F,14.26229,0.0,35,0.0
,472.0,10,9.0,4.5,20.0,5.0,19.0,5.0,17.5,5.0,20.0,5.0,19.5,4.5,20.0,5.0,19.5,5.0,20.0,5.0,20.0,5.0,18.5,54.0,62.0,,,Complete,95.83333,A,29.0,50.0,,,,15,0.0,99.36842,A,98.33333,A,105.57377,89.23076,75,0.0
,461.0,8,10.0,4.0,19.0,5.0,16.5,5.0,19.5,5.0,20.0,5.0,20.0,5.0,20.0,5.0,18.5,4.0,19.0,5.0,20.0,5.0,19.0,50.0,52.0,5.0,,Complete,93.33333,A,29.5,47.0,,,,20,,,A,96.04166,A,103.60655,78.46153000000001,100,0.0
,456.0,10,10.0,4.5,20.0,5.0,19.0,5.0,19.0,4.0,20.0,5.0,17.25,4.5,18.5,4.25,19.5,0.0,20.0,4.5,20.0,5.0,20.0,48.0,53.0,,,,97.08333,A,30.0,50.0,,,,20,,96.0,A,95.0,A,103.27868000000001,77.6923,100,0.0
,447.25,10,10.0,5.0,20.0,5.0,19.0,4.0,18.0,4.0,20.0,5.0,20.0,5.0,18.5,4.0,17.25,5.0,20.0,1.5,20.0,4.0,20.0,47.0,43.0,5.0,,Complete,95.83333,A,29.0,48.0,,,,20,,93.10526,A,93.17708,A,102.37704000000001,69.23076,100,0.0
,461.0,9,10.0,5.0,20.0,5.0,17.0,5.0,19.5,5.0,20.0,4.5,20.0,5.0,16.5,5.0,18.5,4.5,18.0,5.0,20.0,5.0,18.0,53.0,62.0,,,,96.25,A,27.5,43.0,,,,20,0.0,,A,96.04166,A,100.65573,88.46153000000001,100,0.0
,319.0,9,7.0,4.5,19.0,5.0,17.0,5.0,14.5,5.0,19.0,5.0,18.0,0.0,0.0,3.5,17.0,3.0,19.5,3.0,20.0,5.0,18.0,41.0,35.0,5.0,,Complete,87.5,B,11.0,0.0,,,,10,,67.15789000000001,D,66.45833,D,69.50819,58.46153,50,0.0
,433.5,10,10.0,3.0,20.0,5.0,20.0,5.0,18.0,0.0,0.0,5.0,18.5,5.0,18.5,5.0,19.0,4.5,19.0,4.0,20.0,5.0,19.0,49.0,52.0,5.0,,Complete,75.83333,C,30.0,41.0,,,,20,3.0,91.26315,A,90.3125,A,93.27868000000001,77.6923,100,3.0
,464.5,9,9.0,4.0,19.0,5.0,20.0,5.0,18.0,5.0,20.0,5.0,20.0,5.0,19.0,5.0,19.0,4.5,20.0,5.0,20.0,5.0,20.0,52.0,52.0,,,Complete,95.0,A,29.5,49.5,,,,20,,97.78947,A,96.77083,A,105.7377,80.0,100,0.0
,410.0,9,9.0,3.5,16.0,3.0,18.0,3.0,19.5,3.5,20.0,5.0,19.0,5.0,20.0,0.0,8.0,0.0,19.0,5.0,20.0,4.5,20.0,33.0,48.0,5.0,,Complete,87.08333,B,27.0,47.0,,,,20,,85.26315,B,85.41666,B,93.77049,62.30769,100,0.0
,455.5,8,10.0,4.5,15.0,5.0,20.0,4.0,19.0,5.0,20.0,5.0,17.0,4.5,19.0,5.0,19.0,4.0,20.0,3.0,20.0,4.5,20.0,53.0,58.0,0.0,,Complete,92.08333,A,23.0,50.0,,,,20,,,A,94.89583,A,100.4918,85.38461,100,0.0
,439.25,9,10.0,5.0,20.0,4.0,20.0,5.0,18.25,4.0,19.0,5.0,20.0,4.5,17.0,4.0,19.5,4.0,19.0,2.0,20.0,4.0,20.0,48.0,38.0,,,Complete,95.20833,A,30.0,50.0,,,,20,,92.47368,A,91.51041,A,103.03278,66.15384,100,0.0
,451.0,10,9.0,5.0,20.0,3.0,18.0,5.0,15.0,4.5,20.0,5.0,20.0,5.0,19.0,5.0,20.0,4.0,20.0,3.5,20.0,3.5,20.0,44.0,47.0,5.0,,Complete,91.25,A,30.0,50.0,,,,20,0.5,93.89473000000001,A,93.95833,A,103.44261999999999,70.0,100,0.5
,428.0,9,10.0,5.0,20.0,3.0,16.5,5.0,15.0,,10.0,5.0,20.0,4.5,20.0,5.0,20.0,4.5,20.0,4.0,20.0,5.0,20.0,44.0,48.0,,,Complete,77.91666,C,30.0,44.5,,,,20,,90.10526,A,89.16666,B,97.37704000000001,70.76923000000001,100,0.0
,481.0,8,10.0,5.0,18.5,5.0,20.0,4.0,20.0,5.0,20.0,5.0,20.0,5.0,17.0,5.0,19.5,5.0,20.0,5.0,20.0,5.0,20.0,59.0,60.0,,,Complete,96.25,A,30.0,50.0,,,,20,,101.26315,A,100.20833,A,106.2295,91.53846,100,0.0
,470.5,7,9.0,5.0,20.0,4.0,18.5,5.0,17.0,5.0,20.0,5.0,20.0,5.0,19.0,5.0,20.0,4.5,20.0,5.0,20.0,5.0,20.0,55.0,54.0,5.0,,Complete,92.08333,A,29.0,48.5,,,,20,,98.0,A,98.02083,A,105.08196000000001,83.84615,100,0.0
,441.5,9,9.0,5.0,19.0,4.0,18.0,5.0,19.5,5.0,20.0,5.0,20.0,4.5,19.0,5.0,19.0,,,4.0,20.0,5.0,20.0,58.0,57.0,,,Complete,94.58333,A,30.0,49.5,,,,12,0.0,92.94736,A,91.97916,A,97.21311,88.46153000000001,60,0.0
,417.75,,,5.0,20.0,2.0,17.0,5.0,16.25,5.0,19.0,4.0,17.5,2.0,16.5,0.0,17.5,4.0,20.0,2.5,20.0,4.5,19.0,51.0,55.0,5.0,,Complete,74.375,C,20.0,50.0,,,,20,,86.94736,B,87.03125,B,94.01639,81.53846,100,0.0
,395.0,9,9.0,4.0,17.0,5.0,20.0,4.0,18.5,0.0,0.0,4.0,19.0,5.0,19.0,5.0,18.0,4.5,18.5,3.0,20.0,0.0,0.0,51.0,49.0,0.0,,,72.08333,C,25.5,50.0,,,,17,,,B,82.29166,B,85.2459,76.92307,85,0.0
,418.0,8,8.0,4.5,19.5,3.5,19.0,3.0,18.0,4.0,19.0,5.0,19.5,2.0,17.5,2.0,16.0,0.0,20.0,1.5,20.0,0.0,20.0,48.0,52.0,,,Complete,88.75,B,30.0,48.0,,,,10,0.0,88.0,B,87.08333,B,95.7377,76.92307,50,0.0
,468.5,8,10.0,5.0,19.0,3.0,19.0,4.0,18.0,5.0,20.0,4.0,20.0,5.0,20.0,5.0,20.0,5.0,20.0,5.0,20.0,5.0,20.0,55.0,61.0,,,,92.5,A,24.5,48.0,,,,20,,98.63157,A,97.60416,A,103.11475,89.23076,100,0.0
,461.5,10,9.0,5.0,20.0,5.0,20.0,5.0,20.0,4.5,20.0,5.0,20.0,5.0,20.0,4.0,19.5,5.0,20.0,5.0,20.0,0.0,0.0,59.0,59.0,,,In Progress,98.75,A,30.0,50.0,,,,20,1.5,97.15789000000001,A,96.14583,A,99.34425999999999,90.76923000000001,100,1.5
,406.0,8,10.0,3.0,17.0,5.0,17.0,5.0,18.5,5.0,20.0,5.0,20.0,4.0,16.5,3.0,16.5,3.0,18.5,2.5,20.0,5.0,19.0,43.0,47.0,,,,90.41666,B,26.0,39.5,,,,9,,85.47368,B,84.58333,B,94.75409,69.23076,45,0.0
,99.0,0,0.0,3.0,15.0,5.0,19.0,4.0,18.5,4.5,19.0,0.0,0.0,,,,,,,,,,,,,,,,73.33333,C,0.0,,,,,11,0.0,,,20.625,F,28.85245,0.0,55,0.0
,400.0,10,9.0,5.0,16.0,3.0,18.0,4.0,18.5,4.5,20.0,5.0,20.0,5.0,20.0,3.5,19.0,0.0,0.0,5.0,20.0,4.5,19.0,38.0,38.0,,,,90.0,B,30.0,48.0,,,,17,0.0,84.21051999999999,B,83.33333,B,94.42622,58.46153,85,0.0
,451.0,8,9.0,5.0,20.0,3.0,20.0,3.0,15.5,0.0,12.0,4.0,20.0,4.5,19.0,5.0,19.0,4.5,20.0,5.0,20.0,5.0,20.0,55.0,60.0,,,Complete,79.58333,B,28.5,49.0,,,,17,,93.89473000000001,A,93.95833,A,99.01639,88.46153000000001,85,0.0
,479.0,9,10.0,5.0,17.0,5.0,20.0,5.0,20.0,4.5,20.0,5.0,20.0,5.0,19.0,5.0,19.0,5.0,19.5,4.0,19.5,2.5,19.0,59.0,62.0,,,,96.25,A,30.0,50.0,,,,20,0.0,100.8421,A,99.79166,A,104.59016,93.07692,100,0.0
,126.0,10,10.0,5.0,19.75,4.0,19.0,5.0,18.25,4.0,20.0,0.0,0.0,0.0,0.0,0.0,0.0,0.0,0.0,0.0,0.0,0.0,0.0,0.0,0.0,,,,95.83333,A,0.0,0.0,21-Oct,,,11,,26.52631,F,26.25,F,31.147540000000003,0.0,55,0.0
,425.5,8,10.0,5.0,19.5,5.0,20.0,4.0,15.0,5.0,20.0,5.0,19.0,4.0,19.0,4.5,19.0,5.0,18.0,5.0,20.0,4.5,18.0,43.0,41.0,,,,92.91666,B,30.0,50.0,,,,9,,89.68421,A,88.64583,B,103.11475,64.61538,45,0.0
,397.5,10,10.0,5.0,19.0,3.0,20.0,4.0,19.0,0.0,0.0,5.0,19.5,5.0,18.0,4.5,19.5,0.0,0.0,5.0,20.0,5.0,20.0,43.0,51.0,,,In Progress,75.0,C,25.0,50.0,,,,17,,83.68421,B,82.8125,B,87.37704000000001,72.30769000000001,85,0.0
,470.5,9,9.0,5.0,20.0,5.0,20.0,5.0,19.5,5.0,20.0,5.0,19.0,5.0,20.0,4.0,19.0,4.0,20.0,5.0,20.0,5.0,20.0,48.0,54.0,5.0,,Complete,97.91666,A,30.0,50.0,,,,20,,98.94736,A,98.02083,A,106.72131,78.46153000000001,100,0.0
,381.5,,,4.5,20.0,3.0,17.0,4.0,15.0,5.0,20.0,5.0,19.0,4.0,16.5,0.0,8.5,5.0,19.5,4.0,20.0,5.0,17.0,39.0,52.0,,,Complete,73.75,D,22.5,49.0,,,,7,,80.31578,B,79.47916,C,92.95081,70.0,35,0.0
,450.5,9,10.0,5.0,20.0,5.0,19.5,5.0,20.0,5.0,20.0,5.0,18.5,4.5,18.5,5.0,19.5,5.0,19.0,5.0,20.0,4.5,19.5,52.0,50.0,,,Complete,98.75,A,25.0,49.0,,,,12,,94.8421,A,93.85416,A,104.09836,78.46153000000001,60,0.0
,447.0,10,10.0,5.0,20.0,5.0,19.0,4.0,18.0,4.0,20.0,5.0,18.0,5.0,20.0,5.0,18.5,4.0,20.0,2.5,20.0,5.0,20.0,45.0,44.0,,,Complete,95.83333,A,30.0,50.0,,,,20,,,A,93.125,A,104.26229000000001,68.46153000000001,100,0.0
,375.5,,,5.0,20.0,4.0,19.0,4.0,16.5,5.0,19.5,0.0,0.0,0.0,10.0,5.0,20.0,2.0,19.5,5.0,20.0,5.0,20.0,45.0,52.0,,,,77.5,C,30.0,39.0,,,,10,0.0,,B,78.22916,C,88.03278,74.61538,50,0.0
,186.5,9,9.0,4.5,18.5,0.0,17.0,4.0,20.0,5.0,18.5,0.0,0.0,1.5,17.5,2.5,18.5,0.0,0.0,0.0,0.0,0.0,0.0,28.0,0.0,,,,87.91666,B,0.0,0.0,11-Nov,,,13,,0.0,F,38.85416,F,41.80327,21.53846,65,0.0
,452.0,9,10.0,5.0,15.0,5.0,20.0,5.0,20.0,5.0,18.0,5.0,17.0,4.5,16.5,5.0,20.0,5.0,20.0,5.0,20.0,5.0,20.0,41.0,52.0,5.0,,Complete,93.33333,A,27.0,50.0,,,,20,2.0,,A,94.16666,A,102.62295,71.53846,100,2.0
,434.5,10,10.0,4.0,20.0,5.0,19.5,5.0,19.0,4.5,19.0,3.0,18.0,4.0,20.0,5.0,19.0,4.0,19.5,4.0,20.0,5.0,19.0,39.0,42.0,,,Complete,96.66666,A,30.0,47.0,,,,20,0.0,91.47368,A,90.52083,A,102.78688000000001,62.30769,100,0.0
,423.5,10,9.0,4.0,20.0,5.0,17.0,4.0,17.5,5.0,20.0,5.0,20.0,5.0,18.0,0.0,0.0,5.0,18.0,5.0,20.0,5.0,19.0,49.0,57.0,,,,92.91666,A,24.0,45.0,,,,17,,,B,88.22916,B,92.29508,81.53846,85,0.0
,455.5,10,10.0,5.0,20.0,5.0,19.0,5.0,19.5,4.5,20.0,5.0,20.0,5.0,19.0,5.0,20.0,4.0,20.0,4.0,20.0,4.0,20.0,40.0,54.0,,,,98.33333,A,28.0,49.5,,,,20,,95.89473000000001,A,94.89583,A,105.40983,72.30769000000001,100,0.0
,395.5,0,0.0,0.0,10.0,5.0,19.0,5.0,19.5,4.0,18.0,5.0,20.0,5.0,20.0,4.0,17.5,2.5,18.0,5.0,20.0,5.0,20.0,28.0,47.0,0.0,,Complete,67.08333,D,29.0,49.0,,,,20,,,B,82.39583,B,98.52459,57.6923,100,0.0
,459.0,8,10.0,4.5,20.0,5.0,20.0,5.0,18.5,5.0,20.0,5.0,15.5,4.5,19.0,4.0,18.0,3.5,20.0,5.0,20.0,4.5,18.0,55.0,61.0,5.0,,Complete,96.66666,A,22.0,43.0,,,,20,,,A,95.625,A,98.36065,89.23076,100,0.0
,402.5,10,8.0,3.5,20.0,5.0,17.0,5.0,13.0,4.5,17.0,5.0,17.0,4.0,19.0,5.0,16.0,4.0,17.5,4.0,20.0,5.0,16.0,37.0,45.0,,,Complete,85.83333,B,27.0,46.0,,,,12,,84.73684,B,83.85416,B,95.2459,63.076919999999994,60,0.0
,443.25,10,9.0,5.0,19.75,5.0,18.5,5.0,17.5,4.0,19.0,5.0,20.0,5.0,18.0,2.5,17.5,5.0,20.0,5.0,20.0,0.5,18.0,46.0,53.0,5.0,,,93.95833,B,30.0,48.0,,,,12,,92.26315,A,92.34375,A,101.06557,76.15384,60,0.0
,422.0,10,10.0,3.5,18.0,5.0,18.0,5.0,16.5,4.0,15.0,4.0,19.0,0.0,0.0,4.0,18.5,3.0,20.0,5.0,20.0,4.5,20.0,46.0,58.0,5.0,,Complete,87.5,B,24.0,50.0,,,,15,1.0,,B,87.91666,B,90.81967,80.0,75,1.0
,374.5,9,10.0,4.0,17.0,3.0,20.0,4.0,18.0,5.0,20.0,4.0,17.5,4.5,19.0,0.0,0.0,4.0,19.0,4.0,20.0,0.0,10.0,37.0,43.0,0.0,,Complete,91.66666,B,29.5,45.0,,,,8,,,C,78.02083,C,87.70491,61.53846,40,0.0
,434.0,7,10.0,4.5,19.0,5.0,19.0,5.0,19.0,5.0,20.0,5.0,18.0,4.5,17.0,4.0,19.5,3.0,19.5,4.0,20.0,5.0,20.0,39.0,44.0,,,Complete,94.58333,A,28.0,50.0,,,,20,,91.36842,A,90.41666,A,102.95081,63.84615,100,0.0
,421.0,9,9.0,4.5,20.0,2.0,16.5,4.0,19.0,4.0,20.0,3.0,20.0,5.0,20.0,5.0,20.0,4.0,20.0,2.0,20.0,5.0,20.0,39.0,33.0,,,Complete,90.0,B,29.0,48.0,,,,20,,88.63157,B,87.70833,B,101.96721,55.384609999999995,100,0.0
,369.0,9,9.0,5.0,20.0,0.0,0.0,5.0,20.0,0.0,0.0,3.0,15.0,3.5,19.0,5.0,18.5,5.0,19.0,5.0,19.5,4.5,20.0,43.0,55.0,,,Complete,56.66666,F,,50.0,,,,16,,77.68421,C,76.875,C,77.70491,75.38461,80,0.0
,412.5,9,10.0,4.5,19.0,3.0,20.0,5.0,19.5,4.0,20.0,5.0,20.0,5.0,20.0,5.0,19.5,0.0,0.0,5.0,20.0,4.5,20.0,33.0,42.0,0.0,,,95.0,A,29.5,50.0,,,,20,,,B,85.9375,B,97.86885,57.6923,100,0.0
,440.25,9,9.0,5.0,20.0,5.0,20.0,5.0,20.0,5.0,20.0,5.0,19.75,5.0,20.0,0.0,0.0,5.0,20.0,4.0,20.0,4.5,20.0,48.0,51.0,,,Complete,98.33333,A,30.0,50.0,,,,20,,92.68421,A,91.71875,A,99.42622,76.15384,100,0.0
,452.75,10,10.0,4.5,19.0,1.0,17.0,4.0,19.5,5.0,20.0,5.0,17.0,5.0,19.0,5.0,19.0,4.75,20.0,5.0,20.0,5.0,20.0,40.0,58.0,5.0,,Complete,91.66666,A,25.0,50.0,,,,20,,95.31578,A,94.32291,A,101.55736999999999,75.38461,100,0.0
,355.5,6,4.0,2.0,17.0,3.0,13.0,5.0,18.5,5.0,20.0,3.5,19.0,4.0,16.0,2.0,16.5,2.0,18.0,1.5,20.0,4.5,19.0,33.0,36.0,,,Complete,77.91666,C,19.5,34.5,,,,13,,,C,74.0625,C,86.39344,53.076919999999994,65,0.0
,438.0,10,10.0,5.0,20.0,5.0,20.0,5.0,19.5,5.0,20.0,5.0,20.0,5.0,20.0,0.0,0.0,5.0,20.0,3.5,20.0,5.0,20.0,48.0,59.0,,,In Progress,99.58333,A,30.0,50.0,,,,8,,,A,91.25,A,99.34425999999999,82.30769000000001,40,0.0
,391.5,9,8.0,4.0,8.0,4.0,11.0,5.0,18.5,4.0,18.5,5.0,20.0,4.5,18.0,4.0,18.5,2.0,16.0,3.0,20.0,3.0,19.0,38.0,40.0,,,Complete,75.0,C,23.5,47.0,,,,20,,,B,81.5625,B,90.65573,60.0,100,0.0
,463.0,9,10.0,5.0,18.5,5.0,18.5,5.0,18.5,5.0,20.0,5.0,20.0,5.0,17.0,4.0,19.5,5.0,19.0,5.0,20.0,5.0,18.0,51.0,55.0,,,Complete,95.41666,A,30.0,50.0,,,,20,,97.47368,A,96.45833,A,104.26229000000001,81.53846,100,0.0
,445.5,10,9.0,4.5,18.0,3.0,20.0,5.0,19.5,4.5,20.0,5.0,19.0,5.0,19.0,5.0,17.5,4.0,19.5,5.0,20.0,5.0,19.0,35.0,51.0,5.0,,Complete,94.58333,A,30.0,50.0,,,,18,0.0,89.68421,A,92.8125,A,104.09836,66.15384,90,0.0
,420.5,7,10.0,4.5,20.0,2.0,20.0,5.0,18.5,5.0,20.0,5.0,19.0,4.5,20.0,5.0,19.5,4.0,19.0,4.0,20.0,5.0,10.0,40.0,36.0,0.0,,Complete,93.33333,A,27.5,50.0,,,,20,,,B,87.60416,B,100.81967,58.46153,100,0.0
,467.0,10,10.0,5.0,20.0,5.0,20.0,5.0,19.0,5.0,19.0,4.0,20.0,5.0,19.0,5.0,19.0,5.0,20.0,4.0,20.0,5.0,18.0,47.0,58.0,0.0,,Complete,98.33333,A,30.0,50.0,,,,20,,,A,97.29166,A,105.57377,80.76923000000001,100,0.0
,394.0,0,0.0,0.0,0.0,3.0,20.0,4.0,19.0,5.0,19.0,5.0,18.5,5.0,15.0,5.0,19.5,3.0,19.5,5.0,15.0,3.5,20.0,47.0,51.0,0.0,,,58.333330000000004,D,30.0,45.0,,,,17,0.0,,B,82.08333,B,91.4754,75.38461,85,0.0
,6.0,,,,,,,,,,,,,,,,,,,,,,,,,,,,0.0,F,,,,,,6,,,,1.25,F,0.0,0.0,30,0.0
,422.5,5,9.0,5.0,20.0,5.0,19.0,4.0,18.0,5.0,16.0,5.0,17.0,3.5,15.0,5.0,19.0,4.0,18.0,1.0,20.0,4.0,20.0,42.0,40.0,5.0,,Complete,88.33333,B,30.0,48.0,,,,20,,,B,88.02083,B,98.85245,63.076919999999994,100,0.0
,456.5,10,9.0,5.0,20.0,5.0,20.0,4.0,17.5,5.0,20.0,5.0,19.0,5.0,19.0,4.0,19.0,3.5,20.0,5.0,20.0,4.5,20.0,43.0,53.0,5.0,,Complete,96.25,A,25.0,50.0,,,,20,1.0,96.10526,A,95.10416,A,103.44261999999999,73.84615,100,1.0
,412.5,10,9.0,4.5,16.0,5.0,16.0,3.0,19.5,4.0,20.0,5.0,20.0,4.5,20.0,4.0,19.0,2.0,19.0,5.0,20.0,5.0,19.0,28.0,34.0,5.0,,Complete,89.16666,B,29.0,48.0,,,,19,,85.78947,B,85.9375,B,100.81967,47.6923,95,0.0
,478.5,10,10.0,5.0,18.5,5.0,20.0,5.0,20.0,4.0,19.0,5.0,20.0,5.0,19.5,4.5,18.5,5.0,20.0,5.0,20.0,4.5,19.0,55.0,63.0,,,Complete,97.08333,A,30.0,48.0,,,,20,,100.8421,A,99.6875,A,105.08196000000001,90.76923000000001,100,0.0
,383.0,10,10.0,0.0,0.0,2.0,18.0,4.0,17.5,5.0,20.0,5.0,16.0,3.5,19.0,0.0,0.0,3.5,16.0,5.0,20.0,4.0,18.0,48.0,49.0,5.0,,Complete,72.08333,C,21.5,47.0,,,,16,,,B,79.79166,C,80.32786,74.61538,80,0.0
,425.0,8,10.0,4.5,20.0,5.0,18.0,5.0,18.5,5.0,19.0,5.0,20.0,5.0,19.0,5.0,18.5,5.0,18.0,5.0,20.0,5.0,17.0,37.0,44.0,,,Complete,94.16666,A,24.5,44.0,,,,20,,,A,88.54166,B,100.32786,62.30769,100,0.0
,342.5,7,9.0,5.0,20.0,3.0,19.0,5.0,17.0,4.5,20.0,5.0,19.0,0.0,19.0,3.0,18.5,2.0,19.0,5.0,20.0,4.0,20.0,23.0,37.0,,,Complete,91.25,B,27.5,0.0,,,,11,,72.10526,C,71.35416,C,83.77049,46.15384,55,0.0
,421.0,10,9.0,4.5,18.0,5.0,17.0,5.0,18.5,4.0,19.0,5.0,12.5,5.0,17.0,0.0,0.0,4.0,19.0,3.0,20.0,2.5,20.0,50.0,55.0,,,Complete,91.66666,A,29.0,49.0,,,,20,0.0,,B,87.70833,B,90.81967,80.76923000000001,100,0.0
,461.25,10,10.0,4.5,20.0,5.0,20.0,5.0,18.0,5.0,20.0,5.0,18.0,5.0,18.0,5.0,19.0,5.0,19.0,4.0,20.0,5.0,20.0,49.0,54.0,,,Complete,97.91666,A,29.75,50.0,,,,18,0.0,97.10526,A,96.09375,A,105.0,79.23076,90,0.0
,427.5,10,9.0,5.0,20.0,3.0,19.0,5.0,19.5,5.0,20.0,5.0,19.5,4.5,17.0,3.5,19.0,5.0,20.0,2.5,20.0,5.0,19.0,38.0,39.0,,,Complete,96.25,C,30.0,48.0,,,,17,,90.10526,A,89.0625,B,103.11475,59.23076,85,0.0
,411.0,9,10.0,5.0,20.0,5.0,19.0,5.0,20.0,4.5,20.0,5.0,19.0,3.5,19.0,3.5,18.0,3.5,19.5,3.5,19.5,4.5,20.0,39.0,37.0,,,,97.91666,A,25.0,44.0,,,,10,,86.52631,B,85.625,B,100.32786,58.46153,50,0.0
,499.0,10,10.0,5.0,17.0,5.0,20.0,5.0,19.0,5.0,20.0,5.0,19.0,5.0,20.0,5.0,19.0,5.0,20.0,5.0,20.0,5.0,20.0,62.0,65.0,5.0,,Complete,96.66666,A,30.0,50.0,,,,20,3.0,105.05263000000001,A,103.95833,A,106.2295,97.6923,100,3.0
,447.0,9,10.0,5.0,20.0,3.0,20.0,5.0,19.5,5.0,19.5,5.0,18.0,4.5,20.0,5.0,20.0,2.5,19.0,5.0,20.0,5.0,20.0,45.0,42.0,,,,96.66666,A,30.0,50.0,,,,20,,,A,93.125,A,105.2459,66.92307,100,0.0
,308.0,9,9.0,3.5,20.0,5.0,20.0,4.0,19.0,0.0,0.0,0.0,0.0,0.0,0.0,0.0,0.0,4.0,19.0,4.0,20.0,4.5,19.0,42.0,41.0,0.0,,,74.58333,C,0.0,45.0,,,,20,,,D,64.16666,D,61.31146999999999,63.84615,100,0.0
,471.0,10,10.0,5.0,20.0,5.0,20.0,5.0,19.5,5.0,20.0,5.0,18.0,5.0,19.0,5.0,19.0,5.0,20.0,5.0,20.0,4.5,20.0,50.0,61.0,,,Complete,99.58333,A,30.0,45.0,,,,20,,99.15789000000001,A,98.125,A,104.91803,85.38461,100,0.0
,431.5,9,10.0,5.0,20.0,5.0,19.0,5.0,19.0,4.5,20.0,5.0,19.0,5.0,18.5,4.0,16.5,3.5,19.5,5.0,20.0,4.0,20.0,38.0,50.0,,,,97.08333,A,30.0,45.0,,,,12,,90.8421,A,89.89583,B,102.45900999999999,67.6923,60,0.0
,450.0,9,10.0,4.5,20.0,5.0,20.0,5.0,19.5,5.0,18.0,4.0,16.5,5.0,20.0,5.0,20.0,5.0,19.5,5.0,20.0,5.0,20.0,38.0,46.0,0.0,,Complete,96.66666,A,30.0,50.0,,,,20,5.0,,A,93.75,A,105.57377,64.61538,100,5.0
,420.5,9,10.0,4.5,20.0,3.0,16.5,5.0,15.0,5.0,20.0,4.5,18.0,4.0,20.0,4.5,19.0,4.5,19.5,4.0,20.0,5.0,20.0,30.0,38.0,5.0,,Complete,90.0,B,28.0,49.5,,,,19,0.0,88.52631,B,87.60416,B,101.4754,52.30769,95,0.0
,315.5,,,4.5,20.0,5.0,20.0,5.0,19.5,4.5,18.0,5.0,18.0,0.0,0.0,1.5,18.0,3.5,16.5,5.0,20.0,5.0,19.0,38.0,30.0,,,Complete,80.41666,C,29.5,,,,,10,,66.10526,D,65.72916,D,77.86885,52.30769,50,0.0
,358.25,8,10.0,0.0,0.0,5.0,19.5,3.0,14.0,5.0,20.0,4.0,20.0,0.0,0.0,3.5,19.0,0.0,0.0,3.0,20.0,4.5,20.0,42.0,45.0,,,Complete,70.41666,C,23.75,49.0,,,,20,,75.42105,C,74.63541,C,76.4754,66.92307,100,0.0
,400.25,9,9.0,3.0,20.0,5.0,20.0,5.0,19.0,4.5,20.0,4.5,18.0,4.0,20.0,0.0,0.0,3.75,20.0,5.0,20.0,4.5,20.0,43.0,45.0,,,,95.41666,A,25.0,39.0,,,,14,,84.26315,B,83.38541,B,91.88524,67.6923,70,0.0
,358.25,8,9.0,4.5,20.0,2.0,20.0,5.0,19.5,5.0,20.0,5.0,18.0,4.0,19.0,4.0,18.0,3.75,19.5,4.0,19.5,0.0,0.0,34.0,46.0,,,,94.16666,B,0.0,44.5,,,,6,,75.42105,C,74.63541,C,83.68852,61.53846,30,0.0
,420.0,10,10.0,4.5,19.5,5.0,18.5,5.0,17.5,5.0,19.0,5.0,19.0,5.0,18.0,4.0,18.0,5.0,20.0,5.0,20.0,5.0,19.0,33.0,32.0,0.0,,,95.0,A,30.0,50.0,,,,18,0.0,88.42105,B,87.5,B,103.93441999999999,50.0,90,0.0
,444.0,9,10.0,5.0,20.0,3.0,19.0,4.0,19.5,5.0,20.0,4.0,20.0,4.5,20.0,5.0,20.0,5.0,20.0,5.0,20.0,0.0,0.0,53.0,56.0,,,,95.41666,A,27.0,50.0,,,,20,,,A,92.5,A,97.04918,83.84615,100,0.0
,391.0,9,0.0,0.0,0.0,5.0,18.5,5.0,18.0,5.0,20.0,4.0,18.0,0.0,0.0,5.0,19.5,2.5,20.0,5.0,20.0,5.0,18.5,51.0,49.0,,,,67.08333,D,27.0,46.0,,,,20,0.0,82.31578,B,81.45833,B,85.90163000000001,76.92307,100,0.0
,421.0,10,9.0,5.0,19.25,5.0,19.5,5.0,18.25,4.0,18.5,4.0,19.75,4.5,17.0,3.5,18.25,5.0,20.0,2.0,19.0,0.0,20.0,46.0,48.0,,,Complete,94.58333,A,14.5,50.0,,,,16,,88.63157,A,87.70833,B,95.7377,72.30769000000001,80,0.0
